LABEL_1,LABEL_2,LABEL_3,LABEL_4,LABEL_5,LABEL_6,LABEL_7,LABEL_8,LABEL_9,LABEL_10,LABEL_11,LABEL_12,LABEL_13,LABEL_14,LABEL_15,LABEL_16,LABEL_17,LABEL_18,LABEL_19,LABEL_20,LABEL_21,LABEL_22,LABEL_23,LABEL_24,LABEL_25,LABEL_26,LABEL_27,LABEL_28,LABEL_29,LABEL_30,LABEL_31,LABEL_32
2.65103,2.55672,3.09817,2.87615,4.44746,4.56176,4.09431,3.69194,2.27028,2.20454,4.1694,3.65101,3.30571,3.46636,3.71566,3.56419,3.12975,3.39261,2.97577,3.14446,2.22003,2.5549,2.87182,2.98039,2.06421,1.91972,2.50828,2.36044,2.67155,2.60029,2.02817,2.20655
2.1901,1.97204,2.90421,2.55264,3.36733,3.37977,3.05969,3.42156,2.19392,2.17835,3.13381,2.81952,2.60129,2.63843,2.8018,3.20292,3.06046,3.33103,2.57637,2.70689,2.22705,2.34664,3.0335,2.84116,2.30039,2.13019,2.16541,2.17083,2.64885,2.2369,2.00961,1.92587
2.50564,2.35583,2.48654,2.21697,2.90934,2.87634,3.33078,3.56889,2.06923,2.18386,3.41254,2.92168,2.99881,2.97655,2.80531,2.84432,2.51005,2.57329,2.34304,2.30506,2.5452,2.45616,2.6066,2.48809,1.85805,1.80899,2.08388,1.86647,2.48129,2.16141,1.77496,1.77417
1.67887,1.60579,2.07614,2.02494,2.95956,3.15057,2.69245,2.69576,2.36166,1.63169,2.41019,1.95968,2.24062,1.98903,2.11521,1.81988,2.34184,2.21908,2.30026,1.9083,2.03272,1.91187,1.86309,1.80908,1.80523,1.78741,1.71151,1.55786,1.94486,2.01977,1.57744,1.54108
3.20563,2.92906,4.15346,3.92654,4.73093,5.34523,4.83113,4.59306,2.97209,2.61073,4.16877,3.34919,3.1285,2.94133,3.68168,3.0436,3.68707,3.91639,3.01546,3.28249,2.85367,3.19586,2.66797,3.21428,2.58259,2.73512,2.76796,2.8884,3.43111,3.60421,2.4009,2.31049
2.53225,2.15784,2.78841,2.89607,3.09215,2.96879,3.47358,2.61993,2.0747,1.8551,2.77787,2.00691,2.52418,2.36753,2.56354,2.1536,2.67696,2.72832,2.8042,2.47058,2.48488,2.0295,2.399,2.44054,2.09047,2.0629,2.14972,2.26768,2.58228,2.38082,1.79016,1.47179
2.3697,2.24087,3.47826,3.18157,3.23351,3.51881,3.31891,3.57417,2.42533,2.13776,3.397,3.07639,3.04746,2.71659,2.89694,3.15896,3.3075,3.10718,2.59973,2.413,2.17729,2.57028,3.33641,3.49359,2.18625,2.27633,2.06977,2.27496,2.50025,2.47433,1.9081,1.88718
2.1358,2.24314,2.81345,2.60994,3.46471,3.64583,2.48758,3.25768,1.99466,1.97087,3.767,3.45321,2.49504,2.46356,3.08308,2.8971,2.58297,2.53771,2.33499,2.28931,2.41983,2.18814,3.33704,3.15667,1.76038,1.75931,2.00897,1.88869,2.2942,2.38745,1.5619,1.64269
2.58884,2.93277,3.03166,2.86798,3.69547,4.07679,3.69797,3.58264,2.68922,2.45519,3.59164,2.97931,3.0654,3.03078,2.49933,2.71744,3.01493,2.96717,2.90614,2.76714,2.42788,2.29511,2.76818,2.94646,2.32863,2.10602,2.1171,2.0382,2.46499,2.51777,2.01694,1.73428
2.60375,2.59621,2.31383,2.46052,2.93081,2.984,3.08001,3.24767,2.1175,2.04419,3.43857,2.92902,2.68003,2.62888,2.79243,2.75776,2.40319,2.33285,2.20221,2.02444,1.8877,2.30385,2.44372,2.31759,1.76135,1.7286,2.1076,1.74782,2.67133,2.50601,1.72951,1.50832
2.36864,2.49382,3.19788,2.64154,3.55949,3.5495,3.20145,3.60737,2.26418,2.25791,3.58676,3.58534,2.61841,2.72166,3.32181,3.58899,2.85747,2.70293,2.93027,2.66397,2.39114,2.43305,3.22047,2.45535,1.75084,1.81575,2.66683,2.22588,2.54181,2.44959,1.84442,1.88873
2.87982,2.79738,2.96951,2.43984,3.004,3.57171,2.67821,2.95768,2.20674,2.03071,2.91796,2.66034,3.20174,3.2106,2.63046,2.45944,2.76216,2.62905,2.62183,2.57493,2.49248,2.67546,2.64701,2.80063,2.04972,2.17174,2.16307,2.24712,2.5526,2.37008,1.91692,2.0236
2.33988,2.61424,2.27281,2.59495,3.82398,3.96063,3.09831,3.42103,2.10099,2.20315,3.21658,3.53086,2.25068,1.98758,2.86861,3.04067,2.55661,2.46535,2.18187,2.48576,2.07772,2.11196,2.88444,2.91407,1.6743,1.69079,2.12568,1.85766,2.45198,2.14795,1.58724,1.72576
1.94734,2.35228,2.5069,2.1479,3.40235,3.6741,2.88574,2.64331,1.76449,1.63128,3.14364,2.43117,2.48372,2.52627,2.165,2.2406,2.95454,2.68711,2.17784,1.89337,1.9519,1.69221,2.12457,2.18141,2.01605,1.89945,2.4294,2.67996,1.79786,1.67154,2.10304,1.99009
1.67402,1.71762,2.17571,1.84535,2.70031,3.04046,3.30169,2.78644,1.82883,1.73935,2.26086,1.87288,2.51822,2.44659,2.18754,2.40655,2.14254,2.06521,2.18922,1.91379,2.06859,2.12837,2.26636,2.40431,1.66861,1.73226,1.50471,1.56475,1.85124,1.68772,1.27254,1.25174
2.36392,2.38486,2.24372,2.06559,3.40764,3.43874,3.18813,2.79797,2.25503,1.91977,3.20133,2.4675,2.75794,2.56051,2.29686,2.06018,2.38683,2.21542,2.43452,1.98917,1.98058,1.90381,2.17647,2.15697,2.00139,1.85918,1.75903,1.96017,2.14455,1.95856,1.58407,1.47702
2.46037,2.23768,2.93001,2.7639,4.03615,3.81349,3.14492,4.23694,2.05467,2.11998,3.80923,3.57584,2.77062,2.88052,3.15534,3.27832,2.83064,2.86243,2.96455,2.59404,2.41203,2.33271,2.55699,2.20045,1.93665,2.05394,2.30604,2.26343,2.24947,2.28244,1.62878,1.69064
2.51107,2.61424,3.2848,3.24585,3.4813,3.78771,4.23374,4.07266,2.36218,2.28724,3.70921,3.73107,3.414,3.31457,3.59223,3.9859,3.28735,3.4765,3.12677,3.36649,2.60248,2.44039,3.30816,3.26439,2.31717,2.24145,2.29673,2.6388,2.78369,2.68776,2.27938,1.98673
2.70446,3.15698,2.86705,2.87346,3.52035,3.76721,3.57955,3.54144,2.47784,2.32316,4.25543,4.46048,2.66714,2.92261,3.78025,3.85586,2.60009,2.85567,2.6349,2.91132,2.25821,2.44132,3.27811,2.75742,1.69929,1.94914,2.26429,2.70325,2.58794,2.52151,2.02896,2.35086
2.85192,2.56843,2.75088,2.68232,3.22643,3.52916,3.89967,3.75554,2.35211,2.49406,3.37441,3.43431,3.22975,2.95827,3.07813,3.01198,2.93701,3.10398,2.76556,2.66548,2.50663,2.32847,2.84382,2.83575,2.17195,2.27639,2.22177,2.28209,2.6613,2.57312,2.00717,2.11452
2.3502,2.5188,3.19781,2.91832,3.53717,3.79626,3.76522,3.91518,2.62484,2.30155,3.72096,3.48232,2.56165,2.73763,4.00335,3.76165,3.1437,3.18586,3.36777,3.24933,2.35057,2.96989,3.68989,3.30504,2.10243,2.24135,2.32563,2.18117,2.75994,2.62266,1.93585,1.81165
3.25814,3.23127,3.48567,2.9189,4.39215,4.22144,4.72759,3.99055,3.18358,2.58667,4.51882,3.73538,3.75099,3.50308,3.09458,2.80026,3.67172,3.21222,3.80713,3.32961,3.15012,3.20686,3.52091,3.8579,2.65489,2.66083,3.21183,3.06648,3.58224,3.41833,2.71359,2.33108
2.5951,2.43946,3.08374,2.79451,4.08334,4.51663,4.73205,3.89893,2.97016,2.47252,4.59742,3.43042,3.90786,2.8969,3.83386,3.73619,3.59807,3.5887,3.72595,3.07796,2.55771,2.85059,3.3339,3.31241,2.03194,2.06105,2.24535,2.23167,3.11561,2.56851,2.04232,1.89817
3.21312,3.22604,3.1653,2.84076,3.63545,4.52866,3.0668,3.37405,2.93132,2.88334,3.56285,3.02226,2.89353,2.74264,2.4294,2.90335,3.32348,3.0531,3.54211,3.79163,2.75506,2.64177,3.26793,3.14438,2.28611,2.25754,2.46168,2.18352,2.5307,3.10668,2.07597,2.13288
2.71353,2.52641,3.40545,3.23235,3.89221,4.30865,4.05108,5.0537,1.97296,2.10795,3.79089,3.87708,2.98233,3.11278,3.77903,3.64669,2.4361,2.59478,2.4025,2.48953,2.02359,2.11641,3.00123,2.72755,1.47368,1.387,1.56388,1.62624,1.98213,2.36991,1.47545,1.43094
2.06309,1.97453,2.38585,2.0879,2.68621,3.31005,2.84101,2.7081,1.90015,1.778,2.32164,1.96478,2.5036,2.37141,2.39774,2.08234,2.39799,2.31505,1.94901,2.2222,1.80063,1.93398,2.29937,2.28741,1.88246,1.86867,1.82915,1.71992,1.93292,1.9689,1.64978,1.63509
1.69779,1.6673,2.2255,2.11736,3.15258,3.53254,3.17802,3.6491,1.74569,1.76679,2.90578,2.73547,2.64954,2.14911,2.12728,2.25424,1.80931,1.87283,1.93343,2.24567,1.77768,2.04936,1.93363,1.65383,1.17281,1.14689,1.5675,1.40607,1.67878,1.70666,1.20835,1.21692
1.59695,2.40503,1.98732,2.06558,2.78057,3.25577,0.990779,1.20327,1.14677,1.14463,1.97474,1.9385,1.6692,1.86215,1.41784,1.32132,1.23536,1.6675,1.53374,1.26269,1.20625,1.2412,1.45402,1.13333,1.41557,1.24887,1.42422,1.39941,1.41036,1.3051,1.26973,1.26625
1.77094,1.97934,2.75409,2.51759,3.59413,3.60089,2.73771,4.85007,1.96179,2.22268,2.83656,2.9354,2.54972,2.8942,2.65887,2.69538,2.57305,2.54683,2.27252,2.54674,2.17025,2.21044,2.9142,2.43127,1.80568,1.7033,1.93863,1.94998,2.16351,2.3056,1.80681,1.85513
2.41009,2.34701,3.11471,3.08164,4.25993,4.30417,3.50521,3.87393,2.46399,2.37323,3.98466,3.37433,2.74349,3.04746,3.12865,3.04827,2.53986,2.61276,2.30867,2.20763,1.92191,2.01553,2.59214,2.56076,1.57619,1.52377,2.04108,1.95812,2.53116,2.14941,1.61107,1.62074
2.54203,2.78041,3.07615,2.36547,3.06473,3.21292,4.558,4.57986,2.60102,2.35451,3.89311,3.4347,3.65704,3.48636,2.38311,2.6443,2.69141,2.73655,2.60495,2.55446,2.30124,2.29668,2.56903,2.54366,2.01133,2.11037,2.23043,2.09433,2.3524,2.56777,1.9133,1.70096
2.02121,2.10359,2.69373,2.68994,3.23864,3.59272,3.47025,3.23802,2.24703,2.0889,2.96548,2.50437,2.97327,2.94398,1.97507,2.0442,2.38771,2.20727,1.97058,1.89028,2.23498,2.19244,2.41399,2.83488,2.07415,1.98697,1.83119,1.75279,2.22235,2.09654,1.55424,1.49918
1.93812,2.00184,2.51807,2.40065,3.21942,2.96311,3.52801,3.20172,2.23254,2.04143,2.48845,2.24043,2.60111,2.76222,2.34578,2.11975,2.80455,2.6739,2.67567,2.37686,2.2473,2.38845,2.32043,2.45898,2.01282,2.10207,1.95209,1.93768,2.03043,2.16476,1.92877,1.8858
3.43948,3.42099,3.04011,2.77148,3.2548,3.46588,4.13402,4.90187,2.53713,2.44677,4.82406,4.37279,2.60632,3.09178,3.49456,3.94441,3.06154,3.05832,3.05591,3.21941,2.30116,2.50855,3.19526,3.28612,2.0387,2.10088,3.00742,3.28972,3.10249,3.19475,1.88627,1.94743
2.4825,2.46276,2.58826,2.4368,3.40935,3.25616,3.65152,3.00677,2.52542,2.33399,2.90032,2.53637,2.92474,3.01279,2.30306,2.33564,2.74343,2.3374,2.15104,2.03348,2.31635,2.0391,2.71433,3.38024,2.13849,2.07554,1.9574,1.78618,2.57883,2.36178,1.82848,1.83259
3.68281,3.63254,3.6466,3.42574,3.88184,3.96481,1.98024,3.55508,2.50904,2.60298,3.63646,3.7958,3.01826,2.87341,4.04603,3.97026,3.81106,3.64677,3.78245,3.92461,2.75988,2.98846,3.38568,3.27106,2.88713,2.98884,3.04663,3.27211,3.35842,3.48533,2.45124,2.46689
1.39478,1.35644,1.87792,2.01644,3.28567,3.18479,2.21622,1.98833,1.45223,1.52308,2.29363,1.75373,1.96488,1.8885,2.14754,2.11493,1.76106,1.80052,1.65768,1.62292,1.41077,1.51195,1.58909,1.68421,1.18847,1.24272,1.37384,1.45449,1.63801,1.48552,1.23064,1.27118
1.70651,2.19702,2.41317,2.24427,2.89691,3.34384,2.40782,2.58255,2.20838,1.77292,2.7951,2.23243,2.38356,2.40846,1.99797,2.12627,2.32974,2.08014,2.17505,1.9031,1.96429,1.79993,2.10882,2.38009,1.80147,1.59659,1.68383,1.68049,1.88087,2.10718,1.46444,1.53549
2.96852,3.05351,2.76114,2.45597,3.62171,3.62733,3.59374,3.17926,2.11966,1.74296,3.65518,2.83096,3.0334,2.87329,2.30366,3.14847,2.77929,2.66937,2.53876,2.49694,2.53785,2.34669,2.51899,2.97096,1.98265,2.03198,1.96549,1.96906,2.67119,2.41249,1.60947,1.53036
2.43409,2.49407,2.40445,2.2365,2.61741,2.95804,2.76888,2.5195,2.41756,2.10407,2.62863,2.55145,2.22709,2.48162,2.54572,2.24267,2.32584,2.19853,2.32425,2.12958,1.79491,1.83781,2.23075,2.42051,2.0783,1.90484,1.98467,1.70457,2.49291,2.43787,1.91666,1.89314
2.52986,2.9886,2.8925,3.05563,2.88711,3.75506,2.99159,3.34548,2.18669,2.25722,2.77522,3.33596,2.49984,3.19642,3.55236,3.02566,2.79996,2.88641,2.87442,2.49751,2.137,2.20534,3.0382,3.17779,1.99657,2.32106,2.01492,2.01306,2.25817,2.72868,1.89942,1.70874
2.1867,2.55547,2.71842,2.7034,3.25732,3.66294,3.06693,2.39078,2.29527,2.08117,3.3234,3.88107,3.17587,3.44588,3.25623,2.94584,2.50004,2.61349,2.18387,2.30705,1.96279,2.31765,2.05772,2.46542,1.72878,1.70842,1.88732,1.94351,2.38419,2.259,1.43935,1.63421
2.78187,2.94313,3.26846,2.85593,3.07491,3.74022,3.00823,3.26479,2.30951,1.97489,2.92075,2.25539,3.11906,2.97989,2.12452,2.40055,2.85725,2.57709,2.30245,2.35839,2.32566,2.8378,2.52126,2.97124,2.20869,2.08473,2.22488,2.17225,2.56123,2.34126,2.04673,1.85519
3.03737,3.1021,2.97987,2.65228,3.32282,3.09344,3.80779,3.2126,2.27063,1.9859,3.26897,3.14285,2.7116,3.01534,2.76575,2.6269,2.87062,3.0719,2.99474,3.16513,2.31144,2.55942,2.30031,2.47925,2.29685,2.16884,2.63163,2.44871,2.77527,3.12088,2.15454,1.97653
1.71425,1.63646,2.59337,2.13784,3.77534,3.56879,2.78535,3.2695,2.39555,1.74397,2.74395,1.82839,2.47203,2.25423,2.5175,2.23933,2.61743,2.37492,2.14749,1.92059,2.10809,2.04323,2.26024,2.42282,1.8033,1.74446,1.59475,1.49702,2.12087,1.84696,1.70835,1.43444
1.65205,1.77136,2.31246,2.41234,3.04973,3.40829,2.35141,2.47099,1.87013,2.03796,2.68159,2.43832,1.92628,2.18896,2.74492,2.74015,2.53579,2.55934,2.32769,2.0737,1.9014,2.03844,2.42813,2.13563,1.86715,1.73872,1.69562,1.75623,2.2131,1.89789,1.59684,1.5281
2.19539,2.30076,3.45146,3.65855,4.82162,4.70804,4.12875,4.02555,2.25498,2.16895,3.16799,3.17802,3.05222,2.70779,3.88478,3.83948,2.56532,2.62319,2.97005,2.65155,2.11471,1.80285,3.30055,2.60401,1.55628,1.30105,1.62736,1.88096,2.22054,2.14041,1.55078,1.65368
2.21999,2.10486,2.18521,1.98057,3.27776,3.238,3.62016,2.60027,2.21347,1.79332,2.97039,2.60484,2.56245,2.70821,2.00248,2.13088,2.16698,2.19528,2.03447,1.87106,1.79556,1.87643,1.88384,2.18268,1.88803,1.76142,2.15475,1.84673,2.23169,2.13216,1.71509,1.51663
1.91807,2.358,3.44095,3.42087,4.34772,4.44631,3.21371,4.36492,2.44452,2.30089,3.19249,3.11564,2.47648,2.68493,4.14431,3.80118,3.29179,3.45245,3.03152,3.07455,3.00432,2.59743,3.87889,3.43773,2.36302,2.25496,2.06657,2.18643,2.70824,2.55359,1.94088,1.74553
2.46415,2.68179,3.39731,2.99024,3.37561,3.52647,4.27873,3.71654,2.80206,2.38268,3.54868,3.10219,3.40529,2.91357,2.97585,3.4309,3.04459,2.94183,2.9902,2.93572,2.99167,3.15039,3.18613,3.57879,2.2965,2.26676,2.13263,2.2072,2.84549,2.61813,2.25909,2.07397
2.29506,2.28071,2.76658,2.40211,2.76584,3.42686,2.93472,3.14843,2.34407,2.00106,3.10573,2.69142,2.88317,2.8029,2.56846,2.8106,2.61247,2.42153,2.53529,2.40282,1.91526,2.0026,2.35366,2.43948,1.93561,1.92049,2.10883,2.06618,2.09705,2.16266,1.82099,1.77809
2.88258,2.65627,2.95946,2.60018,3.23583,3.52121,3.68777,3.47174,2.39612,1.84202,3.74326,3.44213,3.21825,3.17033,3.23676,3.39462,2.99484,2.92042,2.7113,3.02503,2.54256,2.39252,3.00751,3.23969,2.1214,2.21301,2.16912,2.24445,2.66664,2.58106,2.1159,1.93215
2.27631,1.71431,2.71021,2.63297,3.4816,3.5389,3.52608,3.8049,1.88265,1.94196,3.51411,3.39703,2.28192,2.12882,3.02714,3.04129,2.65231,2.56402,2.44116,2.10224,1.90524,1.9088,2.41618,2.35494,1.54039,1.55567,1.78397,1.65603,2.19999,2.19585,1.4395,1.40312
1.91326,1.96926,2.0532,1.81072,2.87094,2.88645,2.94134,2.23023,1.94785,1.7137,2.59515,2.2852,2.68776,2.26613,2.2012,1.98791,2.30319,2.15189,2.26783,2.01842,2.16684,2.02861,2.0914,1.83314,1.80829,1.79926,1.54773,1.5952,1.96115,1.76295,1.51813,1.43094
2.42632,2.28894,2.92038,2.27993,3.55468,4.07069,4.21649,3.50217,1.93428,2.10648,4.05321,3.26803,2.68989,3.20476,2.82875,3.09543,2.7902,2.94896,2.85377,2.76774,2.12832,2.17832,3.16134,3.14761,1.70226,1.64668,1.85186,1.94189,2.50418,2.19651,1.72048,1.54484
2.18798,2.16349,2.05585,2.09452,2.67499,2.69279,2.55769,2.46677,1.91705,1.62118,2.61455,2.4233,2.12355,2.30571,2.17153,2.06946,2.24963,2.14257,2.01008,1.8001,1.82568,1.73299,1.874,1.97959,1.67772,1.71761,1.7163,1.77578,2.03418,1.90388,1.60493,1.47503
2.29278,2.28052,2.41742,2.45267,3.44524,3.66938,2.99867,3.18538,2.02456,1.81073,3.30742,3.13629,2.52752,2.65154,3.09055,3.08149,2.61834,2.61198,2.37465,2.57293,2.14247,2.392,2.90692,2.2859,1.66273,1.70345,1.81172,1.85892,2.25124,2.29242,1.57517,1.44789
2.44627,2.69083,3.12689,2.98904,3.58267,3.40657,2.49924,3.09532,2.03135,2.26994,3.40503,3.56979,3.00139,2.70391,0.725553,0.972631,2.91105,3.02626,2.69282,2.97244,2.2103,2.63349,1.12568,1.13045,2.14164,2.16013,1.90643,2.01403,2.33195,2.42797,2.05342,1.9373
2.32735,2.371,3.10511,2.65645,3.44437,3.82774,3.02374,4.11748,2.28399,2.12422,3.47884,2.67428,2.79281,2.5246,2.60329,2.88933,2.79554,2.66538,2.38073,2.52886,2.13891,2.23717,2.42934,2.55187,1.9718,1.86109,2.10764,2.24672,2.52862,2.28449,1.75188,1.60965
2.13139,2.06805,2.70533,2.40153,3.34537,3.75347,3.31716,3.68747,2.12124,2.1647,3.15576,3.11139,2.51466,2.76441,3.10385,2.79074,2.52573,2.7069,2.56746,2.48517,2.05404,2.19963,2.56827,2.27586,1.91662,1.91971,2.06268,1.96668,2.31277,2.3196,1.79577,1.78629
1.35971,1.40629,1.57001,1.31708,2.9104,2.63749,2.55757,2.42643,1.62409,1.54152,2.06152,1.65382,2.07695,2.16234,2.06556,1.8842,1.86935,1.90311,1.93051,1.75381,1.75536,1.63677,1.6957,1.76672,1.75393,1.66083,1.50578,1.27484,1.82421,1.94254,1.31615,1.26169
1.54479,1.5937,2.70465,2.32575,3.09095,3.72902,3.48441,3.70066,1.7684,1.64438,3.43663,3.00498,2.54051,2.90221,2.65569,3.03189,2.48105,2.51402,2.31605,2.32994,2.30237,2.14528,2.59482,2.54105,1.72114,1.78104,1.51539,1.48868,1.95975,1.84335,1.46005,1.44402
2.69243,2.69114,2.96122,2.80489,3.03893,3.29956,4.0223,3.28366,2.33693,2.35139,4.12394,3.43033,3.97023,3.51724,3.68656,3.25786,3.20127,3.0024,2.95059,2.47434,2.33251,2.21353,3.28769,2.86184,1.9881,1.80735,1.98445,2.08426,2.65396,2.51691,1.83771,1.8468
2.70771,2.52984,2.78284,2.82732,3.33224,4.11984,4.35867,3.70772,2.39242,2.29895,4.16698,3.85989,3.92249,3.9077,3.33765,3.51398,2.99917,3.05739,2.77165,2.83173,2.30944,2.48888,2.71108,3.30319,2.10799,1.97852,1.9612,1.91866,2.45936,2.24069,1.7122,1.68976
3.15491,2.99801,3.02937,3.10872,3.59981,3.879,4.50744,3.75869,2.7889,2.35063,3.60923,3.30508,3.75201,3.11177,2.95263,3.32919,3.15368,2.85376,2.60404,2.86972,2.13955,2.4809,2.95771,2.88073,2.21609,2.1838,2.27208,2.25652,2.9911,2.6978,1.98346,1.77236
2.76676,2.09647,2.71016,2.48636,2.80834,3.18659,3.37657,3.25543,2.38481,2.15145,4.10939,2.79455,3.31704,2.86108,2.69911,2.5329,2.38913,2.25962,2.15404,1.89807,2.06784,2.07912,2.87908,2.33834,1.86866,1.64172,1.85595,1.72602,2.30034,1.94704,1.8064,1.66638
2.49034,2.57514,2.36058,2.54935,3.414,3.60903,2.94793,2.85709,2.29408,1.90606,3.3178,2.52775,2.68211,2.53883,2.47862,2.476,2.61486,2.48018,2.73573,2.45516,2.16539,1.95699,2.23706,2.00549,2.00202,1.92535,2.06479,1.93361,2.68485,2.31824,1.83134,1.72898
2.44684,2.36226,3.03281,3.18368,3.63452,4.3227,3.37887,4.15859,2.65076,2.27357,4.27411,3.54837,2.739,2.56501,3.86714,4.28069,3.42619,3.29421,2.89584,2.87672,2.42258,2.57531,2.85315,2.74742,2.05357,2.07815,2.33339,2.20151,2.73507,2.59504,1.97516,1.79444
2.17149,2.30064,2.836,2.73598,4.06023,4.22491,3.29764,3.28226,2.42215,2.10207,3.67272,3.16147,3.12155,2.68452,3.33637,2.38393,2.79648,2.60995,2.5183,2.15905,2.45768,2.40076,2.72219,2.48001,1.99602,2.01288,2.03475,2.03123,2.51057,2.70739,1.66806,1.69504
2.79158,2.84559,3.03621,2.50716,3.38099,3.57464,3.31066,3.10681,1.99486,1.84933,2.93158,2.96974,2.68995,2.91815,2.1762,2.42405,2.75856,2.59717,2.42348,2.34697,2.42088,2.18747,2.57226,2.75197,2.14651,2.20628,2.43128,2.30136,2.38193,2.14592,2.04507,1.88517
2.38693,2.70246,2.59905,2.74617,3.71163,3.71581,3.54682,3.99508,2.1201,2.02441,3.40144,3.56767,2.72249,3.05171,3.40872,3.14302,2.96518,3.13558,2.72003,3.0503,2.47207,2.39565,2.9094,2.52611,2.06656,2.04642,2.3895,2.56819,2.66589,2.67168,1.78799,1.9386
2.60941,2.77681,3.18566,3.02386,3.43299,3.82196,3.06299,2.76242,2.11177,1.94164,3.27099,3.05641,3.04347,2.69171,3.16367,2.27422,2.81224,2.5917,2.50907,2.35401,2.17942,2.17263,2.98141,3.07392,2.24933,1.8878,2.3311,2.44604,2.32057,2.38515,1.80946,1.7137
2.42952,2.45128,2.74242,2.12873,2.90008,3.0445,2.57822,2.62062,2.12979,2.07354,2.8284,2.17801,2.86814,2.39058,2.05464,2.14768,2.29763,2.08677,1.78927,1.73884,1.89197,2.19411,2.20808,2.43945,1.87263,1.77105,1.71453,1.73866,1.97239,1.91633,1.64768,1.61477
2.60804,2.67587,3.28152,3.17301,3.80974,3.93806,3.68978,2.97381,2.48946,2.08478,2.62136,2.10978,3.00758,2.9236,2.64505,2.95318,3.05132,3.04516,2.61527,2.62068,2.81941,2.75563,2.64479,3.47457,2.35704,2.20563,2.5488,2.54659,3.02281,2.43246,2.45581,2.01214
1.72559,2.09535,2.28231,2.27651,2.71584,3.07795,2.51526,2.36039,1.4214,1.41893,2.26109,2.65892,1.82579,1.97587,0.867426,0.305943,2.24027,2.03627,2.28008,1.32322,1.38031,1.18175,1.94702,1.78092,1.20952,1.29063,1.67779,1.89499,1.75015,1.84373,1.21471,1.22571
1.9364,1.84085,2.78322,2.4965,4.17398,4.69699,2.90834,2.55729,1.88652,1.88779,3.3333,2.75538,3.4,2.91607,2.20764,2.21203,1.86575,1.75376,1.81874,1.85409,1.56244,1.77862,2.32322,1.96026,1.19199,1.34505,1.86272,1.6459,2.35046,1.7993,1.44247,1.31696
2.4228,2.67681,2.60109,2.6077,2.90752,3.107,2.83424,2.98755,1.84217,1.55323,2.90207,2.59525,2.68591,2.61843,3.36829,3.57717,2.37726,2.32913,2.18563,1.90825,1.71836,1.74816,2.74686,2.58049,1.44571,1.617,1.73609,1.941,1.94695,1.91658,1.45131,1.50885
2.00325,1.75802,2.52408,2.35512,3.90652,4.13831,2.69121,3.1674,2.31981,2.06659,2.50737,2.27932,2.71562,2.61418,2.31118,2.17058,2.51831,2.38657,2.16014,2.05136,1.90672,1.9284,2.3937,2.53559,1.85397,1.7738,2.00405,2.03017,1.76477,1.87598,1.53631,1.44703
2.69257,2.48843,2.25115,2.33061,3.2586,3.44814,2.44277,2.62654,2.05388,1.87307,2.78958,2.23842,2.90776,2.81541,2.05489,1.97579,2.32885,2.28604,2.21217,2.01891,1.79273,1.87559,2.03277,2.70784,2.01981,1.96922,1.95337,1.98169,2.15617,2.08244,1.79632,1.59647
2.10567,2.29649,3.0757,2.65944,3.43663,3.13085,2.61712,2.61504,2.58116,1.91893,3.0075,2.29023,2.63192,2.36714,2.35664,2.29789,2.69706,2.66645,2.31623,2.21681,2.66916,2.20934,2.45343,2.45279,2.34381,2.08526,1.86916,1.99768,2.33691,2.05344,2.03852,1.66583
2.46185,2.33885,2.29755,2.10382,3.40184,3.0938,2.40552,2.58499,2.37182,2.09073,2.83673,2.12542,2.86215,2.87479,2.3383,2.26534,2.46903,2.37345,2.59616,2.63077,1.99589,2.47518,2.12671,2.21308,1.97423,2.02356,2.12774,2.30333,2.78159,2.29993,1.8355,1.5493
2.49922,2.30546,2.04716,2.03957,2.7431,2.58347,2.47182,2.03064,2.18365,1.55149,2.52479,1.87095,2.6655,2.32917,1.6067,1.45889,2.04734,1.93099,2.07777,1.67897,1.96079,1.7976,1.41083,1.77374,1.81913,1.63846,1.71877,1.84494,2.19741,1.89736,1.71996,1.37986
2.23396,2.23683,2.19593,2.09779,2.91922,3.15823,2.34329,2.91975,2.04025,1.7958,2.75976,2.47985,2.49696,2.42273,1.72833,1.81634,2.20044,2.15655,1.75749,1.60909,1.73388,1.83216,1.86502,2.16985,1.6398,1.63512,1.76051,1.79718,1.93776,2.08291,1.51131,1.44098
1.74675,1.88861,2.88148,2.465,2.91885,3.11843,3.07223,2.97993,2.19463,2.0753,3.12614,2.89913,3.22399,3.10079,2.56541,2.6329,2.57013,2.51796,2.41521,2.09281,2.22621,2.15467,3.03113,2.85555,2.01842,2.0239,1.45462,1.74554,1.75523,2.01058,1.62637,1.44105
2.09184,2.00997,2.88991,2.71486,3.31808,3.6142,3.94751,3.81996,2.21955,2.24569,3.41238,3.21572,3.21301,3.15544,3.05891,3.62046,2.78251,2.71879,2.6477,3.04555,2.12447,2.31792,2.80374,2.65729,1.93667,1.94751,2.07849,1.95565,2.19847,2.51939,1.8737,1.87055
2.28877,2.28243,2.29127,2.29903,2.9089,3.10022,2.9955,2.92912,2.15138,2.03505,3.01388,2.75257,2.97404,2.71384,2.38701,2.34201,2.33079,2.21583,2.31262,2.08966,2.02779,2.17422,2.01435,2.43678,1.84311,1.79663,1.93318,1.78077,2.11349,1.9916,1.54622,1.61175
3.45392,3.42419,4.11893,3.87065,3.61799,4.29532,5.15296,5.69064,3.08258,2.53527,5.22461,4.43127,4.15954,3.90735,4.46429,4.45059,3.5079,3.27873,3.87783,3.51338,2.8084,3.11394,3.54587,3.57992,2.30227,2.24775,3.20207,2.83429,3.96648,3.42169,2.06982,1.95446
2.62058,2.38161,2.30964,2.08021,3.07614,3.05219,2.78152,2.55728,2.18979,1.88953,2.71452,2.38971,3.0948,2.34235,2.1064,2.07353,2.29823,2.25134,2.02903,2.07161,2.02854,1.85398,2.26682,2.21692,1.79614,1.76221,1.96154,2.07627,2.21329,2.04223,1.73322,1.65901
2.42054,2.68145,2.6534,2.41749,3.61669,3.7078,3.69135,3.16735,1.46753,1.6726,3.20876,2.70822,3.14834,2.77299,2.88515,2.45534,1.98606,1.7377,1.96571,1.43931,1.71976,1.36408,3.04449,2.21175,1.38446,1.25127,1.63763,1.59498,1.57376,1.66522,1.59872,1.26839
2.63398,2.52019,3.35148,3.25685,3.14842,3.27934,3.85328,2.95629,2.42992,2.1259,3.34303,2.77887,2.94903,2.78488,3.0047,3.03083,3.12748,2.97892,3.16548,2.69082,3.116,2.77964,2.6629,2.62036,2.26756,2.14091,2.09415,2.13274,2.64906,2.37145,2.2757,1.99627
2.16441,2.28801,2.4086,2.51199,3.52651,3.62076,3.31891,2.88206,2.38409,2.08523,3.30786,2.88543,3.29306,2.82087,2.58476,2.12461,2.42194,2.4176,2.75085,2.17056,2.266,2.07603,2.22647,2.31413,2.09439,1.96386,1.97371,2.08652,2.41849,2.2759,1.76531,1.59174
2.79356,2.67639,3.65104,2.7173,3.38427,3.60376,4.26218,4.18013,2.86385,2.46234,4.15761,3.34791,3.56059,3.38893,2.71702,2.97759,2.94143,2.94375,2.86454,2.89429,2.74043,3.12186,3.14376,3.46783,2.27423,2.22635,2.07659,1.94353,2.83863,2.68619,2.16025,1.65997
2.60763,2.63173,3.11498,2.65253,3.13178,3.19677,3.30214,3.17469,2.27773,1.88259,3.40024,2.9492,2.97907,2.57817,2.94379,2.3235,2.94905,2.70264,2.67789,2.47202,2.45509,2.91463,2.66148,2.76484,1.98574,2.00067,1.87211,2.00942,2.4647,2.54904,2.0714,1.9072
2.43236,2.45935,2.38519,2.40367,2.99976,3.37607,3.47405,2.99861,1.76854,1.85639,2.66026,2.22276,2.36808,2.40338,2.42682,2.40612,2.69575,2.64818,2.2652,2.09283,2.14411,1.91946,2.43969,3.00897,2.00797,1.79772,2.28966,1.79568,2.45226,2.18476,1.8587,1.79905
2.43434,2.51836,2.93985,2.31329,3.20034,3.17421,3.74887,3.56847,2.80802,2.17374,3.28709,3.14205,2.87218,3.02383,3.23353,2.65649,2.69052,2.47291,2.47314,2.23313,2.22947,2.41931,2.83222,2.80825,1.94831,2.05026,2.11143,1.76024,2.18649,2.53046,1.94149,1.97073
2.21121,2.49644,3.26922,3.16452,4.68896,4.75944,3.51797,2.98706,2.22107,2.05196,3.58361,3.4084,3.5191,3.19809,3.01649,3.25041,3.14444,3.01547,2.90699,2.8173,2.52672,2.26942,3.1153,2.83754,2.11493,1.92754,2.51821,2.30888,2.34142,2.45101,1.90276,1.99394
1.8273,2.02318,2.78481,2.50806,2.83434,2.98373,2.27526,2.63792,2.14306,1.92579,2.61835,2.34772,2.06652,2.2517,2.28094,2.36428,2.42915,2.41287,2.15949,2.50881,1.94443,2.24337,1.8476,2.30978,1.69349,1.68391,1.87073,1.70507,2.07896,1.899,1.56368,1.54128
1.92249,2.15417,2.24427,1.62218,2.34615,2.4997,2.01502,1.97238,1.71496,1.46076,1.93546,1.65253,2.26744,2.02727,1.72986,1.81855,1.9043,1.89264,1.87918,1.82023,1.84065,1.69445,1.92179,1.96391,1.63586,1.57233,1.55617,1.58519,1.68585,1.88954,1.46462,1.25208
2.53763,2.87228,3.19835,2.83039,3.45899,3.80837,3.68183,3.20774,2.75684,2.36014,3.82994,3.68475,2.60855,2.72433,3.36166,3.55951,3.0944,3.05509,3.10518,3.19249,2.10703,2.38101,2.54683,3.00818,2.13912,2.15763,2.54921,2.38382,2.89774,2.90693,2.14875,2.00323
1.77701,1.83194,2.34333,2.59342,2.76986,2.93004,0.736224,1.68185,1.5866,1.39763,2.51475,2.4276,1.94255,2.04081,2.53975,2.30314,1.83441,1.98444,1.7764,1.63865,1.44958,1.6874,2.3041,1.94062,1.20892,1.33668,1.51788,1.63563,1.92106,1.81881,1.32911,1.26313
2.27123,2.17676,2.05011,2.15741,3.26636,3.12944,2.95418,2.75088,2.25215,2.03552,2.42387,2.3917,2.42099,2.57222,2.48827,2.69892,2.36119,2.33418,2.12912,2.29698,2.03989,1.8264,1.83732,2.29726,1.85767,1.79615,1.7504,1.81055,2.19547,2.08373,1.6858,1.54774
2.08954,2.08523,2.4901,2.15872,2.82226,2.76898,3.56829,3.96168,2.13675,2.04426,3.28108,3.05612,2.78263,2.62093,2.68272,2.73973,2.57206,2.56361,2.41465,2.20065,2.09459,2.03208,2.56023,2.23888,1.67686,1.69504,2.02927,1.8742,2.17715,2.1159,1.70235,1.56053
2.48375,2.19676,2.83684,2.51224,3.03873,3.25087,4.3579,4.13555,1.90194,2.07362,3.29823,2.82879,2.83178,2.51409,2.99847,3.19034,2.5209,2.44342,2.33132,2.08868,2.05112,1.9158,2.51024,2.42472,1.65627,1.8249,2.15737,1.81602,2.24892,2.21678,1.59228,1.5459
2.65409,2.81317,2.93172,2.85732,2.88554,3.45133,3.41171,3.54167,2.42271,2.03723,4.10634,3.54829,3.17837,2.97503,3.33736,3.16052,2.79208,2.49427,2.7533,2.75686,2.3902,2.46365,3.06084,3.2636,2.04292,1.87746,2.25366,2.12368,2.67221,2.50742,1.89082,1.82652
2.57118,2.82057,3.0327,2.81537,2.89979,3.09528,3.45027,3.84117,2.02339,1.67871,3.13135,3.2131,2.72043,2.88577,3.15242,3.29998,2.66433,2.58807,2.63257,2.42935,2.11086,1.96777,2.57007,2.43043,2.0318,1.71095,2.32046,2.39417,2.27063,2.33719,1.59768,1.37474
2.73398,2.7112,3.42348,2.70614,3.70617,3.60105,4.16395,3.92102,2.61971,2.50207,4.13874,3.7603,3.85083,3.46222,3.34353,3.15087,3.14807,3.07993,2.78816,3.05461,2.62039,2.53779,3.26871,3.02127,2.34479,2.38639,2.34952,2.29903,2.99497,2.5335,1.94048,1.95982
2.57937,2.58843,3.02051,2.47335,3.29008,3.60498,4.0059,4.45659,2.32496,1.93314,3.63906,3.44998,2.66249,2.81756,3.30848,3.24165,2.65334,2.60488,2.67554,2.18104,2.19651,2.01732,3.51098,3.15246,1.88643,1.69855,2.01751,1.87271,2.08449,1.95643,1.80941,1.75067
2.13203,2.20867,2.34582,2.4553,2.81598,3.32628,3.33922,2.97825,2.43444,1.9937,3.11216,2.61397,2.51913,2.72386,2.16732,2.41131,2.65881,2.51312,2.33347,1.91957,2.18455,2.33822,2.22665,2.62823,2.0045,1.92798,1.78436,1.84244,2.30339,1.96004,1.72715,1.58585
2.20657,2.17298,2.46905,2.57166,2.82723,2.78292,3.04247,3.20705,1.86982,1.93713,3.01896,2.95736,2.99409,3.00126,3.03912,2.67497,2.71425,2.5314,2.60517,2.16276,1.89814,1.90881,2.50665,2.03915,1.7326,1.55337,2.11384,1.99171,2.11578,2.09084,1.61443,1.63435
2.39453,2.19707,2.53915,2.52197,2.8373,3.21821,3.37993,3.32319,2.23708,1.97648,3.01783,2.60132,2.68475,2.77702,2.80997,2.64873,2.67269,2.44248,2.1918,2.09958,2.12257,2.06858,2.90194,2.64082,1.87792,1.92188,1.81719,1.79912,2.15266,2.02979,1.69854,1.52842
2.95151,2.45095,3.42982,3.65962,4.17409,4.93176,3.35323,4.51006,2.84304,2.65116,4.30884,3.64157,2.63864,2.74786,4.25417,4.36675,3.28581,3.16456,3.5229,3.20789,2.74719,2.72376,3.83911,3.08552,2.26699,2.24405,2.49782,2.41179,2.91187,2.83775,2.30986,2.07389
1.84374,1.57817,1.98012,1.96087,2.35225,2.68281,0,0.403482,1.65889,1.73919,2.07671,2.32853,1.74773,2.23358,0,0,2.19932,2.10663,1.64869,1.74367,0.775145,1.27762,0.277788,0.309673,1.63206,1.53512,1.59534,1.44442,1.92905,1.53795,1.22898,1.20947
2.35236,2.51782,3.61814,2.74479,3.46009,3.45343,4.27018,4.63256,2.19994,2.31691,3.96308,3.28375,2.4504,2.28395,3.36708,3.30539,2.74133,2.73304,2.6689,2.51935,2.15484,2.1366,3.50795,2.84072,1.96478,1.80609,2.61403,2.02175,2.56265,2.36663,1.89461,1.78537
2.06831,1.97679,2.73678,2.59434,3.13488,3.26138,3.21998,3.02043,2.25061,1.99048,3.07636,2.43228,2.78118,2.54449,3.00423,3.17106,2.76906,2.59712,2.52669,2.20853,2.11679,2.16119,2.28331,2.44549,1.89714,2.04536,1.86873,1.75087,2.11914,2.18208,1.96003,1.75261
2.43909,2.32238,2.68103,2.62177,2.91916,3.00213,2.87209,2.57819,2.16024,1.92917,2.90017,2.13611,2.68597,2.52864,1.92464,1.80034,2.60869,2.38632,2.29258,2.01131,2.09772,1.98077,1.92792,2.20405,2.00376,1.92005,2.04791,1.90515,2.3601,2.18163,1.87874,1.62364
2.93836,3.00447,2.87123,2.56852,3.64642,3.90936,2.95452,3.46619,2.76828,2.24875,3.32186,3.03575,2.67491,2.71617,2.93046,2.80529,2.64125,2.44023,2.83436,2.53068,2.27758,2.41218,2.39924,2.48378,1.99097,2.05003,2.23057,2.41083,2.84547,2.67834,1.83567,1.76292
2.10477,2.31154,2.79033,2.49526,3.52172,3.69864,4.00838,4.14468,2.19632,2.31529,3.42393,3.39257,2.77683,2.74686,2.90604,3.15439,2.92356,2.78368,2.59137,2.71563,2.19079,2.23923,2.54435,2.27605,1.95701,1.9967,2.04462,2.0794,2.19467,2.23007,1.72739,1.69319
1.94245,2.05134,2.23654,2.06979,2.39561,2.63296,2.9242,2.52044,1.64537,1.56547,2.72766,2.09525,2.42832,2.21296,1.89105,1.95517,2.3125,2.16912,1.80765,1.78005,1.71488,1.61107,1.86969,1.87148,1.82081,1.72594,1.8304,1.62644,1.82815,1.67581,1.52721,1.39083
2.54552,2.66408,2.33764,2.15998,3.43406,3.46216,3.04806,2.78754,2.13004,1.73047,3.48557,2.82988,2.73591,2.58812,2.52922,1.97446,2.54406,2.38349,2.40507,1.99458,2.19242,1.98913,2.3283,2.48776,1.96863,1.93882,1.97792,2.05527,2.39277,2.28584,1.7211,1.63246
2.88374,2.75701,3.09063,3.24718,4.18558,4.4685,4.6065,4.27658,2.17472,2.35399,4.15035,3.92155,4.14634,3.45614,2.98727,3.44607,3.22161,3.22411,3.31705,3.40869,2.50038,2.40844,3.21807,3.12443,2.12775,2.0646,2.3328,2.28238,2.71255,2.70528,2.05283,1.89493
2.24307,2.35892,3.35235,3.52968,3.49797,3.48906,3.30012,3.05564,2.14522,2.08799,3.4308,3.13748,2.37034,2.14054,3.45201,3.33265,2.63575,2.64826,2.49443,2.13467,2.26229,2.33601,2.86045,2.98266,1.7207,1.74447,1.86,2.06554,1.94361,1.92262,1.77967,1.67207
2.15095,2.45728,2.50747,2.5276,2.86051,3.2028,2.96982,3.30553,2.44241,2.00143,3.38864,3.30306,2.51898,2.59342,2.75536,2.73016,2.86634,2.60018,2.61371,2.36133,2.09951,2.36503,2.79203,2.42194,2.01258,1.9842,1.99871,2.00122,2.30445,2.27277,1.68623,1.66221
3.55614,3.49875,3.23159,3.15209,4.03483,3.92363,4.56591,4.07063,2.80727,3.01475,3.32774,3.19248,3.24543,3.15729,3.57077,3.53921,3.58753,3.42513,3.74122,3.37503,2.88566,3.12829,3.36247,2.92644,2.68527,2.60816,2.64021,2.76924,3.16646,3.39687,2.24069,2.5439
2.55846,2.51425,2.49982,2.15247,3.14725,3.39751,3.26849,3.6079,1.80146,2.06084,3.29074,3.19475,2.58091,2.76281,2.69349,2.64626,2.12796,1.93811,1.90906,1.9178,1.74541,1.81898,2.54974,2.14454,1.39299,1.4784,1.65242,1.58499,1.89398,2.30576,1.43155,1.63972
2.00237,2.13778,2.3283,2.55784,3.36177,3.73765,3.44124,3.10612,1.76782,1.65918,2.78696,2.65195,2.77493,2.77837,2.71828,2.73475,2.25857,2.41991,2.06038,2.11019,1.92918,1.86895,2.44875,2.38162,1.49003,1.67405,2.19156,1.95869,1.98918,2.16066,1.58369,1.59294
2.11543,2.09738,2.57711,2.66092,3.27252,3.47273,2.20561,2.77901,1.89353,1.81024,3.07652,3.02865,2.53596,2.72544,2.63458,2.64136,2.4583,2.42587,2.19998,2.3467,1.95446,1.92676,2.52307,2.3495,1.70727,1.59058,1.82073,1.97858,2.24434,2.3307,1.6055,1.67438
3.55716,3.38624,3.29285,3.32319,3.98504,4.57478,3.52429,4.08123,2.75253,2.49041,3.77766,3.33399,4.0347,3.32702,3.44367,3.32336,3.11874,3.10173,3.08069,2.93168,2.58838,2.71746,3.49291,3.82177,2.2589,2.3292,2.8058,2.56331,2.98896,2.96848,2.12894,2.12842
2.1845,2.30788,2.43796,2.01136,3.1709,3.04298,3.32451,2.96128,1.93188,1.70088,2.54463,2.32469,2.41179,2.3031,2.42346,2.22474,2.33699,2.55265,2.27097,2.26341,2.07451,2.15805,2.17412,2.36623,1.87556,1.67443,1.70516,1.99951,2.57913,2.20863,1.89211,1.64861
2.17659,2.16711,2.79744,2.76067,3.72556,3.41613,3.42383,3.39222,2.07782,1.97998,3.44157,3.45276,2.64487,2.85181,3.32697,3.46627,2.86024,3.02906,2.76091,2.60106,2.21841,2.36366,2.79759,2.85257,2.10587,2.16326,2.0929,2.0818,2.60808,2.34661,1.90188,1.73317
2.7254,2.6247,3.03215,2.65249,3.29257,3.56278,3.11492,3.95795,1.97458,1.92244,3.32456,3.03049,2.86438,2.69497,3.26622,2.88207,2.94279,2.89349,2.69639,2.76975,1.95023,2.04377,2.52066,2.20969,1.8261,1.94261,2.0775,2.12505,2.71827,2.3944,1.43743,1.5418
2.08283,2.45058,2.27938,2.24985,2.90202,3.16151,3.34868,3.33246,2.04459,1.97439,2.94618,2.66821,3.06696,2.44269,2.63461,2.5923,2.47981,2.39229,2.4767,2.43784,2.03159,2.12422,2.60444,2.61508,1.85857,1.69146,1.55212,1.51792,2.08356,2.01923,1.52438,1.39019
2.42004,2.44734,2.18648,2.28054,2.66951,2.70333,2.86877,2.68296,2.17003,1.72657,2.81362,2.89404,2.619,2.46689,2.62692,2.57671,2.68368,2.61394,2.60045,2.4487,2.10267,2.26454,2.37289,2.54273,1.9331,1.91098,2.01881,1.88197,2.15084,2.01837,1.69261,1.71412
2.02215,1.87494,3.32179,3.05779,3.65297,3.59715,3.27286,2.9098,1.9634,1.74217,3.88566,2.93494,2.32525,2.20839,3.20722,3.58119,2.59448,2.87718,2.77299,2.34144,1.90735,2.00182,3.08369,2.607,1.68818,1.61213,1.81043,1.74087,2.32784,2.18324,1.60666,1.55384
2.52897,2.56487,2.91043,2.8338,3.84734,3.71916,3.66496,3.56999,2.32036,2.18059,3.67341,2.99655,2.83021,2.91323,2.57408,2.43011,2.78763,2.78721,2.21417,2.10521,2.36612,2.25254,2.45001,2.67237,1.77374,1.75413,1.82433,1.87133,2.28586,2.18491,1.68099,1.60591
2.76464,2.64296,2.41022,2.2243,3.40064,3.63766,3.08202,3.00443,2.37126,2.24867,2.92821,3.45942,3.32908,2.91998,2.36165,2.53228,2.47334,2.37501,2.04309,2.21685,2.18646,2.23597,2.80052,2.51505,2.1504,2.29974,2.31526,2.18855,2.62618,2.75896,1.85467,1.97528
2.54513,2.24453,2.76221,2.39845,3.05902,3.24952,2.70534,2.71403,2.64619,2.04116,2.84951,2.58597,2.43752,2.80357,2.30052,2.35751,3.06187,2.90654,2.55616,2.52953,2.22686,2.61846,2.44197,2.62114,2.17916,2.30129,2.53988,2.17823,2.59925,2.54697,1.93419,1.77612
3.20576,2.98864,2.98562,2.52014,3.16061,3.11866,3.58179,3.60423,2.64725,2.27613,3.50624,3.08365,2.96239,2.80483,2.76612,2.46466,2.86096,2.75954,2.39761,2.39587,2.47462,2.15147,2.72706,2.72303,2.2476,2.01957,2.41567,2.17391,3.14673,2.58204,2.08564,1.86784
2.454,2.48571,2.68046,2.6792,3.71164,3.64602,3.4196,3.9417,2.17463,1.9044,3.45203,3.20138,2.97436,2.54776,2.4744,2.51044,2.76208,2.61776,2.42675,2.37307,2.65136,2.0257,2.32335,2.65133,2.03981,2.07511,1.87265,1.79614,2.47225,2.59771,1.72136,1.70842
1.44479,1.52512,1.14614,1.11185,2.29647,2.34644,1.65244,1.54459,1.56512,1.30685,1.60302,1.46695,2.12356,1.90011,1.19713,1.20697,1.54503,1.398,1.15346,1.19661,1.25187,1.21945,1.19629,1.73362,1.50259,1.54236,1.31026,1.26594,1.39079,1.36244,1.1433,1.1275
2.10304,1.64459,3.27207,3.05527,4.42309,4.54724,3.63535,3.29197,2.37312,1.93764,3.77924,2.73398,2.5123,1.73935,3.1391,3.04718,2.76341,2.81554,2.50421,2.61307,1.97791,1.83549,2.38162,2.26601,1.63581,1.82714,1.9092,1.8588,2.32041,2.19251,1.5863,1.70495
2.71736,2.53519,2.87891,2.70652,3.53793,3.1934,3.53655,3.10215,2.38071,2.09017,3.47545,2.91414,2.84275,3.00469,2.4573,2.44169,2.79278,2.67727,2.99497,2.19386,2.28952,2.34279,2.50623,2.35866,2.12844,1.86836,2.15903,2.22968,2.83266,2.45335,1.88226,1.61183
1.87853,1.84204,2.67588,2.47192,3.76793,3.5142,3.85613,3.3969,2.16179,2.15199,2.66624,2.40425,2.46788,2.48547,3.45566,3.1492,2.6628,2.57736,2.6475,2.56447,1.93134,1.85259,2.99176,2.43263,1.72097,1.61566,1.70643,1.70647,2.1041,2.06804,1.69127,1.54512
1.96462,1.92337,2.25648,2.43405,3.8065,3.68499,3.18091,3.00176,1.83267,2.06576,2.61031,2.27362,2.10326,2.003,3.08145,3.10565,2.40164,2.43927,2.35288,2.14872,1.81407,2.11384,2.27371,1.98414,1.84346,1.82993,1.78622,1.67008,2.0528,2.10008,1.67284,1.73507
2.98319,2.62382,2.57489,2.39433,3.42968,3.55334,3.88137,3.78504,2.7,2.45124,3.71041,3.56803,3.22383,2.96534,2.90202,2.85132,2.80942,2.71311,2.63825,2.47364,2.64771,2.33062,2.64791,3.00245,2.23145,2.20764,2.2021,2.10247,2.49601,2.49854,2.1001,1.91636
1.94881,1.91919,2.18651,2.09317,2.77156,2.86206,2.97576,2.69926,1.89751,1.43529,2.43376,2.09259,2.19893,2.25062,2.52996,2.28375,2.17599,2.10137,1.98447,1.98284,1.64329,1.65749,2.32703,2.4965,1.67702,1.51342,1.74578,1.72773,1.88524,1.91388,1.44213,1.18745
2.96435,2.71463,3.36474,3.18486,3.44999,3.69901,3.94025,4.04275,2.37777,2.15081,3.86612,3.95101,3.29405,3.16114,3.85396,3.75359,3.15372,3.02927,2.5766,2.83557,2.37089,2.36301,3.13524,3.10896,2.0822,2.01054,2.34577,2.28002,2.44061,2.66874,1.74619,1.75234
2.72244,3.05634,3.37655,3.25682,3.70773,4.20595,2.81697,2.952,3.11985,2.3808,4.14864,3.20265,3.8248,3.22843,2.81156,2.5406,3.62903,3.28045,3.39481,3.13281,2.80382,2.62682,2.49991,2.28897,2.47405,2.20766,2.51222,2.55979,3.72351,3.39449,2.30924,2.26648
2.60933,2.27078,2.81546,2.78688,3.16582,3.59051,2.08986,2.40174,1.92421,1.69864,2.56874,2.33009,2.90948,2.4948,2.09192,2.42241,2.38759,2.45833,1.91474,2.17665,1.94353,2.07993,2.14838,2.53454,1.96614,1.86848,2.21516,2.02881,2.47761,2.41751,1.98537,1.87161
2.31458,2.61019,2.55069,3.30628,4.09278,4.17343,2.78381,2.87846,2.15638,2.03305,3.89334,3.2667,2.43247,2.57656,3.08359,2.74269,2.86428,2.74473,2.70047,2.52917,2.30788,2.2692,2.72414,2.36533,2.01909,2.03243,2.19848,2.05996,2.5359,2.33293,1.75665,1.72463
2.35003,2.47685,3.00748,2.41566,3.29449,3.43914,3.01032,3.26682,2.34966,2.25267,3.38829,3.16007,2.83325,2.71263,2.62827,3.02106,2.64246,2.79436,2.47788,2.49008,1.99228,2.19032,2.74465,3.23228,2.01698,1.85491,2.03154,2.02989,2.29939,2.56208,1.58601,1.74834
1.8095,2.15368,3.53751,3.25139,3.97831,3.56065,3.45197,4.11292,2.03366,2.03049,3.20366,3.16919,2.36919,2.14825,3.0035,2.76614,3.03836,3.11338,2.99237,3.07081,1.90471,2.04057,3.05972,2.76022,1.94323,1.86401,2.57053,2.28139,2.25394,2.5402,1.40738,1.65415
1.69182,2.0354,1.69802,1.91404,3.22693,3.32719,2.0355,2.19806,2.02476,1.66208,1.86049,1.88408,2.41632,2.58095,1.49138,1.34812,2.04076,2.01992,1.8617,1.76567,1.80459,1.79996,1.85899,2.29528,1.95204,1.91029,1.3829,1.46079,1.91466,1.70674,1.59054,1.36855
0.301815,0.270534,0.167036,0.13977,0.346674,0.432386,0.178795,0.23182,0.216648,0.193135,0.179314,0.18006,0.153121,0.129221,0.217283,0.197139,0.233366,0.220739,0.231196,0.213735,0.16839,0.171278,0.181399,0.165151,0.629084,0.564559,0.224794,0.2399,0.213909,0.208943,0.357203,0.3391
2.81623,2.7525,3.3862,3.41488,3.78306,4.1571,3.71781,4.36147,2.76095,2.42863,4.17164,4.15333,3.0916,3.21812,4.73077,4.46287,3.49632,3.66891,3.61558,3.57103,2.83083,2.80546,3.86531,2.96452,2.22632,2.08338,2.48279,2.44834,2.92843,3.10085,2.21495,2.11188
2.95783,2.83421,3.07254,2.77968,3.61018,3.6671,4.19704,4.04358,2.64583,2.25598,3.76505,3.20743,3.19564,2.84116,3.5229,3.09557,2.9307,2.95054,2.81264,2.71788,2.41421,2.76984,3.14426,3.21351,1.98647,1.91811,2.08151,2.11552,2.70618,2.65933,1.80596,1.71239
2.76483,2.43818,2.10665,2.07127,2.94293,3.29572,3.15459,2.86389,1.86553,1.8908,2.84619,2.21519,2.92027,3.01417,1.78917,1.52069,2.05853,2.04532,1.82683,1.68724,1.93475,1.90968,2.31861,2.32981,1.91281,1.81627,1.747,1.75017,2.31895,2.0573,1.6333,1.59394
2.4458,2.54939,3.26756,3.47525,4.26011,4.54154,3.19033,4.62947,2.16158,2.42644,4.26628,3.72196,2.29133,2.524,3.98099,3.52275,3.14059,3.01876,2.96975,2.60244,2.32585,2.08443,3.54862,2.76704,1.62758,1.66301,1.90731,1.69442,2.51304,2.2163,1.61579,1.70282
2.8436,2.99541,2.77338,2.58292,3.37383,3.5886,3.48997,3.60349,2.43213,2.12705,2.97723,3.0232,2.7691,2.85495,2.4096,2.54013,2.5425,2.5499,2.32046,2.2014,2.14115,2.42403,2.3957,2.56094,1.9992,2.03399,2.12303,1.87492,2.60767,2.48397,1.8422,1.71242
3.07748,2.5231,2.46935,2.38854,3.44449,3.11559,2.92111,3.24135,2.07352,1.83975,2.546,2.32307,2.72651,2.60935,2.01737,2.35923,2.62275,2.53773,2.38789,2.31904,2.26992,1.89002,2.68069,2.47161,1.85526,1.7878,1.91919,1.84619,2.26521,2.183,1.50727,1.43529
2.4435,2.68462,3.03623,2.66394,3.45315,3.74941,1.37218,2.21235,1.48417,1.40399,3.01391,2.63549,1.72968,2.11133,2.14974,1.85962,2.02077,1.61972,1.61299,1.56012,1.21543,1.3129,2.64029,1.84087,1.08827,1.14512,1.35035,1.26794,1.48235,1.70596,1.26541,1.36609
2.93745,3.0959,3.37679,3.25286,4.03094,4.36474,3.94862,4.02448,3.02083,2.31765,3.90141,3.47472,3.48531,3.42527,2.96668,3.15492,2.99855,2.89839,3.094,2.79541,2.80887,2.55157,3.52203,3.76657,2.28454,2.1523,2.71176,2.49972,3.18921,3.12221,2.17965,2.1005
2.50987,2.35522,2.53511,2.44504,2.78664,2.91221,3.43441,3.50634,2.13717,1.72295,3.28322,2.99015,2.91286,2.77352,2.60783,2.88205,2.59823,2.42302,2.52879,2.50716,2.14937,2.34,2.60656,2.59031,2.03114,1.87803,2.03914,1.86841,2.30601,2.36935,1.80505,1.74271
2.58355,2.54198,2.54715,2.56637,3.31164,3.47406,3.36036,3.2978,2.17621,2.17144,3.37251,3.42648,2.71896,2.42028,3.15555,2.6688,2.79453,2.61881,2.90767,2.74198,2.39743,2.56933,2.61472,2.55106,2.0063,1.98151,2.01969,1.90876,2.30603,2.24951,1.75957,1.74031
2.5663,2.73711,2.31016,2.78534,4.01827,3.8401,3.83311,3.60689,2.34354,2.46477,3.32805,3.08016,2.65108,2.97332,3.50417,3.91877,2.55394,2.86235,2.54464,3.01119,2.27767,2.5441,3.07253,3.07822,2.09423,2.11043,2.0317,2.18439,2.49558,2.31943,2.01388,1.92444
2.73734,2.82021,2.79711,2.74135,2.97059,3.09287,3.16255,3.09594,1.88108,2.06565,3.45885,3.2913,2.64217,2.92571,2.61421,2.706,2.37197,2.52501,2.08202,2.12673,1.91461,1.74356,2.25679,2.21182,1.72791,1.77609,2.59028,2.66921,2.56694,2.56245,1.6139,1.95875
2.52757,2.40895,2.62539,2.72035,3.31312,3.46924,3.52603,2.91658,2.15989,2.06911,4.00223,3.29102,2.76645,2.6319,3.01286,3.6036,2.7601,2.8333,2.47359,2.73642,2.32225,2.54265,2.83804,2.94477,1.97818,2.02195,2.15618,1.97515,2.484,2.72436,1.67107,1.74509
2.4412,2.48782,2.70022,2.25711,2.7951,3.20984,2.60483,3.19297,2.45613,2.34037,3.5427,3.25835,3.44881,2.91099,2.60092,2.80514,2.47162,2.38241,2.54519,2.35231,2.2832,2.21224,2.5427,2.53676,1.77724,1.79447,1.87216,1.89325,2.31238,2.20371,1.8716,1.62399
2.0993,2.36379,2.84414,2.80264,3.76818,3.88999,3.13499,3.28824,2.36925,2.26278,3.37007,2.76533,3.1796,2.81701,2.33576,1.96859,2.54163,2.49693,2.1952,2.22024,2.12014,2.13523,2.76063,2.74009,1.65981,1.87518,1.88887,1.79762,2.21306,2.2958,1.46748,1.63444
2.56548,2.52741,2.15239,2.01866,3.05425,3.12614,2.68587,2.32081,1.93925,1.89594,2.64076,2.42216,2.67809,2.81346,1.68812,1.87191,2.42345,2.42051,2.03812,2.01736,2.08235,2.11176,1.76997,2.14662,2.03465,2.12572,1.95967,1.90679,2.13886,2.16134,1.81204,1.76643
2.54745,2.46165,3.11352,2.82513,4.04546,4.01504,3.57148,3.35875,2.48087,2.30332,3.64536,3.12732,2.90637,2.84379,3.23008,3.0266,3.15029,3.09443,3.28056,3.17354,3.06914,3.14838,2.71203,3.06746,2.40274,2.36669,2.3601,2.44913,2.69674,2.55675,2.15491,1.95854
2.66272,2.72592,3.34273,3.18737,3.17442,3.69127,3.0564,2.71597,2.19837,1.98642,3.18123,2.86233,3.08422,2.66943,3.40782,2.52867,2.94314,2.73198,2.55504,2.68904,2.26011,2.37331,3.04703,3.47845,2.28478,1.98207,2.42694,2.42612,2.35038,2.42901,1.8776,1.77039
1.82518,1.74845,2.80659,2.47291,3.19589,3.71813,3.24535,3.13857,2.08593,1.98067,2.90471,2.42786,2.72652,2.79157,2.85772,2.64035,2.53392,2.44397,2.35193,2.46549,2.07291,2.17626,2.79968,2.92737,1.80795,1.5923,1.89355,1.66378,2.16059,2.20487,1.57528,1.46195
2.55715,2.51367,3.36831,2.88338,3.39423,3.60875,3.95476,3.72137,2.18478,1.83503,3.4622,3.24454,3.43192,3.23859,2.19075,2.77011,3.22587,2.84993,2.53964,2.24002,2.69706,2.32655,2.62621,3.00842,2.27781,2.31935,2.26263,2.16029,2.52287,2.60947,1.80272,1.69538
2.49172,2.4555,2.04551,1.8944,3.16482,3.14368,2.22802,1.84022,2.14189,1.67419,2.23901,1.88119,2.52608,2.2644,1.43492,1.69489,2.05778,1.98389,1.8024,1.67968,1.83768,1.48341,1.48225,1.85629,1.91468,1.60983,1.78459,1.73506,2.13111,1.95728,1.73321,1.41778
2.56102,2.65048,2.88612,3.04676,3.72135,4.28656,4.05467,4.26133,2.28978,2.35208,3.67766,3.6327,3.3182,3.43301,3.46485,3.36529,3.08164,3.09226,2.67293,2.93359,2.16856,2.21416,3.20661,2.84929,2.18217,2.10282,2.17596,2.34368,2.42312,2.41616,1.98447,2.07023
2.0348,1.97061,2.51242,2.69716,3.65452,3.58791,3.98484,3.48342,2.47226,2.38731,3.04477,2.56607,2.68625,2.83801,2.30336,2.3051,2.7059,2.64983,2.24142,2.33509,2.15053,2.4021,2.86754,3.0047,2.12794,2.02481,1.71436,1.67014,2.09772,2.03487,1.75021,1.66776
2.17325,2.01149,2.67476,2.44334,3.2142,3.2996,3.7803,3.38714,2.1386,1.88559,3.2429,3.11622,2.84629,2.72182,3.36735,3.48166,2.51568,2.55469,2.34412,2.35484,2.08242,1.88127,3.24262,2.51766,1.85363,1.84767,2.6466,2.09956,2.36602,1.95989,1.67145,1.72601
2.13295,2.27521,3.46512,2.89722,3.74918,4.30041,3.03118,4.03625,2.56057,2.43095,3.48766,3.28877,3.1712,2.84353,4.23856,4.29173,3.38719,3.32724,3.55971,3.20316,2.75755,2.83381,3.68629,3.86993,1.84912,1.98975,2.04063,2.07147,2.84751,2.49679,1.9889,1.71051
2.16382,1.99462,2.09727,2.09409,2.71402,3.15535,3.56902,2.53317,1.88566,1.7437,2.62239,2.26177,2.68323,2.5183,2.57959,2.67199,2.28054,2.11948,2.05905,1.90647,1.78658,1.79366,2.42158,2.19647,1.73788,1.74713,1.66842,1.70861,1.97812,1.84043,1.49966,1.43594
2.6203,2.54826,2.97251,2.69363,3.02575,2.94828,2.81923,2.9783,2.49423,1.94925,3.44998,2.68019,2.74894,2.66548,2.48629,2.46336,2.58673,2.44719,2.24529,2.15579,1.78217,1.65986,2.55446,2.30221,1.81223,1.90432,1.7499,1.95651,2.56286,2.56361,1.80046,1.68061
2.19604,2.47511,3.07889,2.67729,3.57596,3.36519,3.94456,2.62814,2.76083,1.97379,3.52664,2.57154,3.02861,2.85779,2.79118,3.49732,2.86369,2.82179,2.44951,2.32084,2.44431,2.56554,2.54843,2.92865,2.01565,2.10725,1.90624,1.86654,2.49184,2.14594,1.84411,1.65405
2.02612,1.93653,2.99451,2.50007,3.45408,3.62018,2.87319,3.6615,1.81255,1.8252,3.03022,2.6904,2.49236,2.58448,3.41524,3.00057,2.22629,2.20521,2.4637,2.11598,1.96608,2.1192,2.85093,2.29169,1.4523,1.44494,1.61617,1.42107,2.046,1.88452,1.35094,1.3078
2.12606,2.29532,2.77844,2.4054,2.80066,3.26697,2.29527,2.26319,2.175,1.90265,3.19174,2.64429,3.01094,2.67194,2.52525,2.54807,2.30226,2.33104,2.27412,2.084,1.98226,2.14123,2.895,2.83789,1.61407,1.68921,1.77429,1.7596,2.12044,2.2199,1.84367,1.57698
1.3734,1.22732,2.76605,2.72551,3.83655,3.86229,3.86743,4.00349,2.29214,1.96602,2.95193,3.21875,2.79502,2.86808,3.31873,3.43756,2.57586,2.56243,2.73217,2.49791,1.97927,2.07849,3.03857,2.55752,1.58459,1.55692,1.70679,1.54372,1.90623,1.79426,1.50324,1.3479
2.47448,2.6065,3.48465,3.60674,3.71462,3.84565,4.33297,4.14544,2.66131,2.32356,3.2234,3.26784,3.00283,3.27809,4.00819,3.5582,3.52511,3.49963,3.49565,3.28648,2.55202,3.12687,2.81587,3.23517,2.3304,2.42879,2.16032,2.04564,3.06881,2.8827,2.00537,1.96523
2.23877,2.34889,3.22225,3.01017,3.38422,3.79304,3.34619,4.01952,2.4278,2.00938,4.04525,3.36326,2.96424,2.87551,3.61544,3.84671,2.96753,3.0881,2.89417,3.05617,2.28208,2.73305,3.25729,3.18286,1.84016,1.99925,1.97354,1.8673,2.33453,2.15935,1.8522,1.65553
1.89407,2.1151,3.12602,3.55032,3.81735,4.46915,3.55507,3.85177,1.76022,1.59205,3.24137,3.21215,2.6522,2.93828,2.64176,2.97376,1.77174,1.82657,1.61929,1.75866,1.27677,1.69417,3.04438,2.70482,1.1653,1.24279,1.43378,1.39723,1.74187,1.87344,1.56662,1.38764
2.68294,3.02765,3.06345,3.27229,4.07996,4.19963,4.91498,4.18355,2.82351,2.32181,4.77709,3.78271,4.16073,3.29354,3.84078,4.12013,3.16534,3.0338,3.1149,3.14008,2.83644,2.65056,3.6315,3.63783,2.28222,2.23971,2.69333,2.75754,2.7139,2.76601,2.10188,2.15042
2.3382,2.23948,3.19715,3.04391,4.17024,4.60372,3.78161,3.93911,2.03576,2.01905,3.45966,3.36985,2.60341,2.52287,3.94038,3.80276,2.65734,2.74764,2.3731,2.74721,2.22948,2.15028,3.20626,2.66286,1.77343,1.67461,2.06919,2.07113,2.31843,2.45475,1.88202,1.9454
3.02116,2.97135,3.09407,2.67275,4.53688,4.74682,5.01031,4.13951,2.47894,2.6483,4.05403,3.17985,3.73834,3.51401,3.78158,3.82085,3.23507,3.54205,3.53617,3.43034,3.02126,2.99774,3.67189,3.69328,2.40023,1.98486,2.36645,2.33631,3.44578,2.96421,2.21271,1.87369
1.67493,1.5417,2.28663,1.87067,2.60199,2.79394,2.55662,2.88386,1.42625,1.58533,2.40504,2.28423,2.42127,2.6235,1.99094,1.97767,1.59793,1.7008,1.7423,1.47222,1.25242,1.08062,1.81653,1.3536,1.04725,1.01653,1.43878,1.24617,1.44668,1.28499,1.26043,1.1157
2.68568,2.99408,3.11382,3.40546,4.32881,4.31314,4.48129,4.10198,3.35503,2.55306,4.42042,3.91143,3.82192,3.12671,3.80423,4.0831,3.1548,3.42769,2.94655,3.4083,3.04613,3.09195,3.92576,3.58994,2.28669,2.12703,2.32669,2.44969,2.88819,2.8256,2.23989,1.98811
2.0851,2.07552,2.95705,2.91208,3.29825,4.16109,3.43596,4.85028,1.87283,1.9217,3.23339,3.14017,2.35511,2.91343,3.93565,3.20596,2.65069,2.68704,2.52476,2.56488,2.21822,2.40714,3.27262,2.81531,1.72874,1.87576,1.9267,1.79471,2.23536,2.19594,1.56936,1.6749
2.46594,2.47765,3.23924,3.01522,4.58039,5.09534,5.03818,3.9125,2.54525,2.58047,4.09107,3.82763,3.43028,3.79078,3.20262,3.09431,2.89699,2.8281,3.30478,2.89881,2.80143,3.05874,4.13671,3.87359,1.98689,2.03855,2.01993,2.27115,2.8684,2.66263,1.72802,1.79212
2.24897,2.39442,2.9402,2.41703,3.48015,3.83262,3.0084,3.2016,2.24087,2.10096,3.08446,3.03349,2.38208,2.70996,2.8015,3.44499,2.84289,2.58173,2.53131,2.29335,2.15504,2.13447,3.0458,2.91081,1.90715,1.86859,1.97031,1.92886,2.23131,2.38581,1.76042,1.74904
0.9036,1.11479,0.452672,0.400438,0.508924,0.72307,0.114072,0.207943,0.549497,0.603364,0.354498,0.407629,0.164686,0.155951,0.512415,0.545412,0.920432,0.848939,0.697792,0.712497,0.519422,0.559394,0.242874,0.33923,1.2569,1.25168,0.784586,0.699628,0.959941,0.705052,0.75021,0.720377
2.4494,2.55107,2.83601,2.663,3.09522,3.6859,3.11694,3.21013,2.29196,2.1189,3.80125,3.20174,3.06034,3.14245,2.95584,2.34524,2.78775,2.52807,2.64279,2.55276,2.38931,2.41362,2.68435,2.89924,2.05196,1.88381,1.97981,2.07617,2.38531,2.27377,1.98745,1.88718
2.395,2.61695,3.14383,2.64888,3.63824,3.61956,3.34471,3.42167,2.2495,2.60683,3.17603,3.88058,2.61484,3.2339,2.43597,2.64891,2.73844,3.02705,2.59953,2.92807,2.48186,2.26766,2.75628,2.75796,2.11579,2.16897,2.37594,2.21953,2.91084,2.44764,2.11467,1.99403
2.39928,2.30247,2.50862,2.30799,2.97996,3.14874,2.83158,2.52931,2.10596,1.65336,2.64062,2.20989,2.82324,2.45663,2.45162,2.11926,2.66411,2.52609,2.33368,2.18681,2.13747,2.14348,2.09291,2.32482,1.97118,1.80223,2.06389,2.05053,2.36627,1.97445,1.68256,1.61016
1.91246,2.32538,3.18896,3.37533,4.68398,4.61669,4.66856,5.32719,2.22686,2.52828,3.98764,3.7827,2.3106,2.606,4.22468,3.44265,3.29088,2.78141,2.66191,2.31704,2.22935,2.30896,2.76481,2.93592,1.56284,1.82252,2.04733,1.85887,2.32741,2.32234,1.65614,1.70531
3.23092,3.27863,3.12448,3.17532,3.68894,4.10155,4.38953,4.78515,2.5324,2.16671,4.19547,3.99416,3.09789,3.17132,3.59054,3.27702,2.96185,3.09346,3.33739,2.81526,2.61138,2.67428,3.72298,3.22405,1.87405,1.862,2.61436,2.66433,3.02828,3.00762,1.98603,1.97951
2.33608,2.33344,2.88555,2.59443,3.46141,3.75425,3.45843,3.13104,2.53989,2.31997,3.30944,2.75852,2.78683,2.85065,2.97545,2.98198,2.68456,2.59063,2.78797,2.51159,2.40653,2.82897,2.78723,2.68403,2.03365,2.06968,2.137,1.97712,2.47283,2.61164,1.95898,1.76534
2.73862,2.65413,3.1937,2.58096,3.2911,3.7376,4.07384,3.86861,2.79592,2.47405,3.90758,3.44499,3.25407,3.328,2.42618,3.43878,3.1541,3.08506,3.21749,2.92411,2.37434,2.48508,2.48484,3.086,2.35808,2.15281,2.31762,2.68534,3.16564,2.81512,2.24958,2.10688
3.4265,3.44714,3.44429,3.31914,3.22491,3.64336,3.82366,3.89832,2.66152,2.54019,4.56592,3.92128,2.79662,2.98777,3.46038,3.69802,2.96134,3.00736,2.92499,3.11129,2.39205,2.75724,2.69138,2.92147,2.22728,2.22852,2.49074,2.47798,3.00166,3.21594,2.15567,1.92921
2.63252,2.8531,3.10974,3.1589,3.73857,4.16157,4.41461,4.71318,2.91199,2.18725,3.94145,3.91743,3.76494,3.62474,3.39256,2.99797,2.92808,2.98643,2.72066,2.59211,2.41636,2.57404,3.46806,3.38934,2.12927,2.23041,2.22338,2.09608,2.54319,2.59787,2.13428,2.12944
2.89985,3.06408,3.51029,3.33814,4.23622,4.45085,4.26556,3.98098,2.69667,2.51126,3.85758,3.96551,2.58144,2.79065,3.88991,4.26168,3.34021,3.57438,2.68423,3.12335,2.58304,2.62579,3.37817,3.39296,2.14873,2.30654,2.19601,2.41055,3.14686,3.30569,1.76435,1.82418
2.62166,2.60484,2.70881,3.13593,3.14753,3.29692,3.18053,3.04002,2.17926,2.12492,3.54323,3.05248,2.58398,2.63983,3.29586,2.87203,2.90225,2.83524,2.5287,2.68656,1.99395,2.1799,2.37209,2.51142,1.85893,2.05766,2.44193,2.10933,2.4938,2.36605,1.70749,1.57346
1.7814,1.88819,2.64127,2.92404,3.51725,3.65143,3.47615,4.02541,1.99829,2.08701,2.56377,3.1056,2.64922,3.11475,2.92203,2.98938,2.59605,2.84231,2.19772,2.14469,2.03944,1.64892,2.60885,2.33127,1.74587,1.81683,1.70123,1.81203,1.91336,1.91278,1.77203,1.59728
2.41626,2.32959,3.3187,3.25708,4.46915,4.74525,3.39394,3.59476,2.26535,2.17165,4.09397,3.70534,3.63554,3.49439,3.848,3.66112,2.78544,2.7944,2.66541,2.58081,2.37124,2.50678,3.50127,3.12189,1.83606,1.93017,2.12364,1.9493,2.5675,2.62603,1.69894,1.77146
2.88331,2.51915,2.84598,2.43671,3.29244,3.78842,3.42362,2.53578,2.36435,2.00639,3.4808,3.29343,2.8362,2.79116,3.07441,2.81938,2.86041,2.70056,2.60448,2.66238,2.27896,2.83919,2.67332,3.19464,2.11731,2.01149,2.28514,2.01232,2.4914,2.45432,1.85136,1.84192
1.77086,2.06507,2.58338,2.65741,3.77218,3.91668,2.8216,2.78044,1.85324,1.8969,2.74751,2.86856,3.20195,3.09499,2.76662,2.85316,2.13249,2.33584,2.12214,2.10466,1.7485,1.93533,2.52596,1.87918,1.31605,1.4548,1.76819,1.77129,2.00863,2.19003,1.54806,1.42769
2.06253,2.08429,1.93281,2.1847,2.49072,3.37537,2.47652,2.86844,2.03506,2.00603,2.74164,3.00453,2.39868,2.94948,1.55044,1.99776,1.3259,1.55035,1.23402,1.53749,1.20188,1.54482,1.50766,1.92307,0.911593,1.08247,1.18345,1.10913,1.87045,1.80698,0.982627,1.00712
2.17898,2.47563,2.91353,2.77926,2.97304,2.93817,3.97888,3.60667,2.63763,2.59327,3.39472,3.16955,2.89509,3.12291,3.68584,3.49693,2.98186,3.00793,3.19837,2.78824,2.37656,2.2499,2.47569,2.50674,2.18965,1.9602,1.77618,1.98224,2.52223,2.35071,1.97702,1.80598
1.52132,1.67704,1.41831,1.48417,2.23951,2.21248,1.73805,1.58253,1.35728,1.39911,1.38749,1.23475,1.71132,1.78714,1.18156,1.05989,1.63749,1.56975,1.33134,1.25685,1.33739,1.36093,1.37118,1.36297,1.4434,1.26808,1.46532,1.22102,1.83363,1.51023,1.28074,1.16846
2.21969,2.38392,3.59519,3.18247,4.40887,4.22703,2.74721,4.33087,2.35942,2.35016,3.94849,3.88625,2.94253,2.9689,3.86087,3.6262,3.57141,3.79856,3.21231,3.2452,2.5684,2.64819,3.00199,2.99499,2.20433,2.31269,2.16936,2.3212,3.14163,2.86933,2.02522,2.12294
2.30469,2.40407,2.63112,2.51608,4.01719,3.89296,3.2834,3.89288,2.21885,2.18797,3.63112,3.38698,2.28513,2.52317,3.05984,2.83964,2.89297,2.83629,2.31453,2.2677,2.59851,2.54149,2.80077,2.66096,2.11907,2.21796,2.04026,1.95763,2.36492,2.31641,1.69108,1.66763
2.0311,2.21096,2.86178,2.80593,3.44518,3.38946,3.44715,3.55962,2.22531,2.08397,3.40478,2.95494,2.82003,2.60678,3.08983,3.19651,2.65239,2.72401,2.97504,2.88703,1.97457,1.98402,2.97595,2.36957,1.78514,1.74414,2.43214,2.18293,2.21446,2.27952,1.77287,1.80496
2.47861,2.3454,2.56682,2.8487,3.37377,3.64305,2.72432,3.24899,2.41178,2.30435,3.09016,2.41101,3.17499,3.02446,2.59029,2.94395,2.66208,2.65612,2.3888,2.3547,2.20052,2.67097,1.98294,2.79419,2.10594,2.14137,2.0544,2.11391,2.66695,2.42359,2.00431,1.67965
2.03206,1.92872,2.54637,2.59342,3.36557,3.2978,3.14071,3.26715,1.90234,1.89579,3.19421,3.11022,2.63763,2.69266,3.35619,3.05213,2.70515,2.56003,2.41003,2.64182,1.88302,2.06002,2.43685,2.30055,1.76275,1.75594,2.23597,2.20768,2.37474,2.29984,1.69852,1.66259
2.24154,2.14637,2.18953,2.17401,2.72605,3.08996,1.86171,2.59075,2.0492,1.87595,2.55703,2.0503,2.60726,2.48585,2.19894,1.99345,2.01894,2.08183,1.76384,1.71939,1.89584,1.85763,1.73865,2.09474,1.76169,1.72707,1.97368,1.67811,2.0639,1.98372,1.62534,1.60191
2.98184,2.82101,2.73961,2.42453,3.55752,3.60616,3.17072,4.35481,2.74359,2.42126,3.95479,3.56223,2.87698,2.9902,3.22842,3.02962,2.68339,2.66959,2.78133,2.69844,2.32676,2.61248,2.73831,2.75329,2.10967,1.94918,2.06686,1.97113,2.59681,2.64873,2.07642,2.02684
2.03315,2.02774,2.67812,2.53374,3.26906,3.1433,3.00693,3.47507,2.19052,2.12152,3.29231,3.0603,2.54712,2.58969,3.00332,3.15173,2.50829,2.58476,2.30662,2.21806,2.10175,2.09143,2.65628,2.22087,1.75846,1.74118,2.11191,2.1624,2.36126,2.15894,1.78424,1.80515
2.46323,2.4512,2.76608,2.62137,3.01584,3.83054,3.66956,3.27717,2.20599,1.86992,3.07186,2.82616,2.76316,2.73706,2.75769,2.8779,2.49925,2.40977,2.32954,2.16718,2.22784,2.0695,2.69786,2.94552,1.90615,1.79117,2.16412,1.99588,2.27542,2.38806,1.8617,1.75425
2.51589,2.59905,2.55137,2.23539,2.74813,3.05857,3.41892,3.20276,1.88415,1.85999,2.44339,2.31915,2.56248,2.40642,2.54271,2.09323,2.38435,2.36972,2.33511,2.0544,1.83981,2.19388,2.02905,2.12935,1.83518,1.84557,2.15949,2.05508,2.21603,2.54346,1.56699,1.88818
2.21558,2.29319,2.59129,2.55589,3.40231,3.67619,3.24185,3.11888,2.19748,2.24574,3.18312,3.0636,2.82542,2.64464,2.97116,2.99304,2.44491,2.62023,2.43414,2.35656,2.12064,2.26938,2.63094,2.50142,1.6394,1.84925,1.90848,1.76839,2.1244,2.179,1.64701,1.59204
1.73323,1.8929,3.00933,3.2681,4.20848,4.01343,3.02529,3.68069,1.38286,1.60958,2.99174,2.5381,2.54104,2.38791,1.88713,1.95293,1.54621,1.62054,1.31734,1.40976,1.24144,1.26334,2.65583,2.32673,1.20816,1.16192,1.55736,1.36135,1.44199,1.587,1.17006,1.08778
1.97315,2.24346,2.93428,2.76223,4.04093,4.71285,2.96979,3.44711,2.12604,2.04143,2.97397,3.32022,2.72143,2.63018,3.03223,2.77425,2.73324,2.69588,2.53991,2.34514,1.96437,2.15202,2.31414,2.08653,1.8786,1.75562,1.90979,2.1245,2.18001,2.20375,1.62227,1.71463
2.71021,2.51156,3.08965,2.65537,3.11826,3.16748,3.44457,3.2232,2.23024,1.95604,3.09941,2.36992,2.35945,1.93989,3.09945,3.10999,2.83444,2.72783,2.54225,2.76345,2.3425,2.24674,2.55096,2.47714,1.78393,1.84622,2.12707,1.97881,2.46638,2.22956,1.73859,1.62335
2.21474,1.86815,2.73211,2.76943,3.78376,4.00081,3.50079,3.02459,2.25787,1.95531,3.14517,2.82569,2.52329,2.75782,3.08553,3.1281,2.98752,2.92829,2.57633,2.32647,2.05549,2.09248,3.29076,3.05611,1.96885,1.82691,1.81343,1.7073,2.3762,2.21408,1.6569,1.40275
2.39103,2.09081,2.79196,2.6061,3.55366,4.2495,3.22619,3.13401,2.03621,2.28195,2.75041,2.96774,2.9069,2.55547,3.73948,3.41733,2.96133,2.73986,2.9105,2.7259,2.12025,2.27185,3.02113,2.39033,1.7974,1.87111,1.98078,1.67124,2.2207,2.46459,1.67237,1.61523
1.90883,1.65421,2.84291,2.72545,3.6815,3.70582,2.81001,3.29725,1.85211,1.80368,2.78565,2.34239,1.78309,1.97137,2.88247,3.24381,2.10855,2.2022,1.66488,1.64822,1.8484,1.87858,2.23867,2.0681,1.35625,1.39308,1.48275,1.64266,1.56323,1.61806,1.35742,1.67883
2.72328,2.67105,2.8875,2.62982,3.955,4.37796,4.57592,3.84498,2.79115,2.13746,3.9401,3.51321,3.39941,3.09895,3.49382,3.5638,2.99718,2.73461,2.87748,2.94419,2.12181,2.46141,3.28298,2.85568,2.12933,2.11647,1.93802,1.98651,2.66584,2.41392,1.98997,2.07845
2.45765,2.14422,2.06488,1.8504,2.3502,2.57627,2.71865,2.3917,1.8123,1.68319,2.47803,2.28893,2.25623,2.18539,1.96726,1.82959,2.21237,2.0455,1.775,1.72493,1.93227,1.7703,1.81583,2.24326,1.73636,1.68594,1.78193,1.67498,1.95709,1.76765,1.4912,1.60825
1.5111,1.44969,3.02038,2.57461,3.00162,3.05503,2.94014,2.98234,1.64947,1.72789,2.64712,2.31626,1.9648,2.2405,2.35033,2.26836,2.05274,2.2058,1.77363,1.84352,2.20324,1.81992,2.05567,2.02525,1.2696,1.23153,1.72033,1.64179,1.83513,1.81357,1.50741,1.36706
2.25122,2.21987,2.67586,2.86423,3.11198,3.37852,3.80927,4.16404,2.11392,2.22348,3.75717,3.70474,3.15459,3.71826,3.25674,3.09498,2.79841,2.86616,2.27731,2.32203,2.21597,1.98349,2.53235,2.67605,2.01811,1.9262,2.13284,2.10734,2.48824,2.35455,1.84764,1.66331
2.22225,2.12609,3.5295,3.36758,4.54912,4.76269,4.57963,4.66118,2.77171,2.84952,4.25718,3.8,3.16605,3.1386,4.55249,4.44825,3.35505,3.44048,3.16644,3.26078,2.55876,2.56853,3.56244,2.75384,2.15089,2.1669,2.02784,2.46389,2.53231,2.68251,1.84278,1.75402
2.61732,2.63546,2.61185,2.3724,3.17554,3.57642,3.18865,3.20516,2.51386,2.25006,3.50909,2.74494,2.65147,2.71601,2.79852,3.25754,2.61594,2.52609,2.74351,2.71126,2.36976,2.56612,2.99048,2.68684,2.22091,2.08652,2.11903,1.95148,2.32285,2.49338,2.05516,1.80154
3.90929,3.78056,3.00026,2.72003,3.58552,3.75241,4.83718,4.91783,3.02066,2.38417,4.38416,3.58651,3.53225,3.46873,3.51636,3.01788,2.91372,2.76862,2.84386,2.67017,2.94007,2.97521,3.60488,3.85479,1.99205,2.12465,2.3517,2.32742,2.98662,2.70311,1.72339,1.83965
2.11792,2.12198,2.82119,2.8657,3.37946,3.6533,3.60771,3.29387,2.47845,2.30966,2.94051,2.645,2.73635,2.84351,2.56979,3.04338,2.72714,2.6391,2.28621,2.35285,2.1576,2.56173,2.44912,3.01984,2.16362,1.98833,1.89593,1.80683,2.33315,2.43915,1.8899,1.76805
2.47568,2.41567,2.43753,2.50398,2.74492,3.48417,3.22452,3.25708,2.06849,2.11561,3.3603,3.13338,2.57806,2.33111,2.76272,2.67674,2.41308,2.36462,2.1764,2.06209,2.00884,2.18502,2.44967,2.3862,1.6547,1.68266,2.0452,2.26378,2.47466,2.63444,1.72331,1.66482
2.05298,2.26788,2.30669,2.59959,2.74113,2.71573,2.84784,2.57905,2.09623,1.86947,2.65265,2.25966,2.90924,2.57809,2.5782,2.60649,2.44158,2.42731,2.1453,2.05452,2.12399,2.1236,2.10955,2.53806,1.72801,1.74399,1.83601,2.05198,2.20879,2.09781,2.02562,1.71672
1.96645,2.33642,2.80878,2.41091,3.34844,3.51005,3.40699,2.81932,1.96983,2.23753,3.30187,3.46835,2.50465,2.80899,2.87436,2.95111,2.55481,2.36008,2.09813,2.0431,1.79536,1.88362,2.24934,2.14083,1.5927,1.51441,1.75266,1.78716,2.31225,2.25088,1.57172,1.6033
1.82461,1.84721,2.71946,2.62283,3.37908,3.59367,2.78412,3.32847,1.95011,2.0154,2.60193,2.87087,2.10953,2.9721,2.60792,3.0113,2.61155,2.61631,2.46169,2.32099,2.10318,2.28642,2.58384,2.78587,1.78687,1.75999,1.90371,1.92365,2.11851,2.39037,1.50385,1.54445
2.57159,2.12599,3.2896,3.56018,4.59311,4.61861,3.2421,4.78405,2.08891,1.89739,3.3138,2.84017,2.60544,2.80685,2.91418,2.77382,2.2716,2.61993,2.62181,2.22399,1.94999,1.9206,2.92105,2.35269,1.50519,1.67395,1.63113,1.62701,1.97584,1.94995,1.35689,1.33335
2.55501,2.5155,2.83784,2.67076,3.34067,3.12346,3.2963,3.55257,2.49396,2.1124,3.20312,2.95319,2.80041,2.82033,3.22259,3.07333,2.86121,2.76137,2.46173,2.46036,2.25495,2.40717,2.43156,2.42443,1.93797,1.96163,2.11244,2.21636,2.53045,2.57205,1.81832,2.01469
1.97021,1.97864,2.35002,2.26031,3.46839,3.26916,4.5433,3.92382,1.83893,1.6863,3.30462,2.71979,2.50865,2.35987,2.98468,2.84595,2.14371,2.23405,2.117,2.09623,1.83868,1.96538,2.59162,2.42648,1.36618,1.4023,1.65951,1.64588,1.9044,1.96223,1.41573,1.38022
2.38881,2.53903,3.11263,2.9949,3.7395,3.83102,2.77523,2.8732,2.4399,2.04424,3.79589,3.81204,2.22345,2.31189,1.21657,1.01007,2.7701,3.04081,3.21496,3.10366,2.37019,3.07963,2.10916,1.94087,1.92136,1.92147,1.80454,2.1515,1.99433,2.23186,1.56265,1.36158
2.38092,2.21508,2.66668,2.55749,3.43127,3.70863,3.96407,3.78334,2.78922,1.96571,3.54933,2.56485,2.44841,2.32619,2.52009,2.27806,2.98601,2.69525,2.38971,2.27588,2.0242,2.04154,2.65993,2.46171,1.94372,1.93561,1.88098,1.71714,2.60414,2.36429,1.74808,1.51278
1.82219,1.88775,2.57068,2.53093,2.98554,3.80875,2.60097,2.02485,1.86197,1.89913,2.27582,2.02107,2.60722,2.68685,1.16979,1.31275,2.28926,2.16564,1.9143,1.62297,1.8722,1.87031,2.58602,2.48829,1.65836,1.66743,1.68183,1.61727,1.65228,1.86295,1.50873,1.59817
3.10622,3.32335,2.6921,3.20814,3.37548,4.05853,3.57372,4.01685,1.8572,1.94313,3.61351,3.626,2.38473,2.61107,3.18285,3.54972,2.83473,3.20386,2.58124,2.81174,2.14112,2.29393,2.88445,3.01399,1.95936,2.17745,2.15002,2.35381,2.40787,2.83919,1.80048,1.63761
3.37057,3.10163,2.64311,2.74041,3.55099,3.71437,3.36814,3.7308,2.3208,2.32495,3.50778,3.60672,2.9285,2.63477,3.04173,3.81141,2.37402,2.40034,2.2468,2.39974,2.0427,2.10096,2.369,2.65546,1.64276,1.76047,2.01839,1.86666,2.53822,2.5076,1.64239,1.61483
1.94513,1.9591,2.83892,2.69574,3.51312,3.83067,4.50802,3.76011,2.10711,2.22148,3.68506,2.9659,2.41623,2.70226,3.31277,2.97071,2.78705,2.60258,2.29042,2.43726,2.08598,2.16359,2.44957,2.34892,1.63763,1.46035,1.74916,1.6666,2.18994,2.13034,1.6816,1.32884
2.05501,2.33241,2.18221,2.79864,3.21754,3.32343,2.96235,3.08463,2.10717,1.97082,2.76085,2.67109,2.57144,2.57852,2.17232,2.25952,2.46504,2.5431,2.13589,2.34082,2.17548,2.18874,2.12627,2.35112,1.91766,1.86522,1.78452,1.8898,2.31651,2.62937,1.94597,1.76497
2.76183,2.90895,3.20187,3.31723,3.70149,4.4487,3.99939,3.55496,2.7967,2.45012,4.41634,4.13247,3.52737,3.14384,3.94699,4.81225,3.3308,3.19418,4.16342,4.03901,2.76021,3.10232,3.57228,3.37767,2.26995,2.28817,2.39767,2.45203,3.17775,3.04812,2.33984,2.06224
1.75738,1.75098,2.90078,2.742,4.06937,3.73625,4.02511,3.54595,2.19779,2.06856,3.01638,2.98398,2.5847,2.2791,3.31866,3.10192,2.62904,2.6541,2.57892,2.56804,2.14341,1.9006,2.6556,2.22383,1.8433,1.79908,2.00851,2.1544,2.13753,2.22028,1.71539,1.81568
2.61725,2.61516,2.89895,2.70822,3.22829,3.20691,4.22027,3.60963,2.55685,2.52744,3.3074,3.16209,3.11389,3.05682,3.02552,2.89655,2.95907,2.88595,3.29765,2.95068,2.94777,2.93728,2.85721,3.01688,2.20101,2.20064,2.00652,1.98521,2.54249,2.64396,2.37869,2.17673
1.99515,2.71622,3.32675,3.19246,3.94779,4.12504,3.15139,2.79464,2.46693,2.84052,3.01592,3.75533,2.39115,2.43838,3.12634,2.79384,2.91127,2.82935,2.5204,2.28946,2.4214,2.40415,3.28599,2.93984,2.28453,2.33698,1.97977,2.06196,2.08662,2.71857,1.91527,2.02207
3.05765,2.7612,2.81367,2.22072,3.49716,3.70305,3.82372,3.52427,2.16697,2.22385,3.24045,2.84091,2.41721,1.82592,3.2701,3.238,2.79681,2.53759,2.80053,3.02362,2.24817,2.38632,3.17491,2.32641,1.84698,1.8242,2.06802,2.00759,2.24793,2.32977,1.74031,1.67814
2.63021,2.57187,2.95655,2.77373,3.08296,2.97232,4.0112,3.81289,2.62484,2.22655,3.68181,3.17309,3.11349,2.88874,2.69795,2.6757,2.67744,2.48337,2.40423,2.16658,2.44065,2.16223,2.72946,2.85529,1.98154,1.83966,2.30484,2.28381,2.5727,2.32685,2.00772,1.86466
2.59275,2.59353,2.88893,2.6433,3.65888,3.87075,3.63137,3.60227,2.61806,2.18874,3.69587,3.01422,3.09194,3.00764,2.90745,2.73082,2.93312,2.7792,2.86162,2.66354,2.11872,2.18776,2.88366,3.17959,2.07787,2.00867,2.2928,2.02624,2.52906,2.34071,1.90504,1.98634
2.29263,2.52291,2.1628,2.02717,3.0629,3.10673,2.40036,1.87816,2.12453,1.86752,2.89076,2.29548,2.41034,2.04989,1.52192,1.51936,2.21315,2.27082,1.81042,2.17043,2.04453,1.81133,1.65063,1.93855,2.00939,1.80347,1.72096,1.62072,2.26492,2.24957,1.67846,1.52217
2.45422,2.56631,2.59696,2.64968,4.0325,4.532,4.34234,3.90879,2.04243,1.83947,3.17863,3.29236,2.66946,3.16652,3.24881,3.53879,2.58161,2.79528,2.4405,2.36712,2.11379,2.19736,3.1008,3.24934,1.39093,1.52223,1.91355,1.8328,2.21707,2.53366,1.36634,1.45139
2.60084,2.52892,3.51095,2.99073,3.18835,3.20991,3.46787,3.23188,2.5437,2.34427,3.47612,3.32275,3.43232,3.32411,3.12372,3.49048,3.22928,3.19578,2.8153,3.00162,2.39944,2.95463,3.21562,3.2659,2.2809,2.29818,2.29615,2.1929,2.3897,2.33867,2.2055,2.01387
2.26383,2.34001,2.28913,2.16208,2.97344,3.2958,2.61564,2.71456,2.12658,1.79128,2.35943,2.20565,2.41029,2.41136,2.15253,2.0016,2.33698,2.25728,2.15199,1.95874,1.78591,1.898,2.10735,2.31775,1.99417,1.77286,2.01011,1.71221,2.15378,2.06522,1.67257,1.46751
2.62745,2.68768,2.7648,2.81432,3.62361,3.42782,3.82664,4.24691,2.01841,2.68815,3.47282,3.77874,3.14272,2.97337,3.59943,3.64102,3.41306,2.98091,2.98472,3.11466,2.35518,2.70144,3.07901,2.89688,1.96773,1.8765,2.67009,2.30852,2.58529,2.89523,2.18306,1.78573
2.15911,2.5095,2.71289,2.55317,3.98616,4.07308,3.55137,3.41978,2.24612,2.29784,3.59232,3.67525,2.50013,2.54559,3.17673,2.73303,2.99847,2.89855,2.49245,2.43957,2.11439,2.22235,2.69552,2.28827,1.83281,1.88,2.42332,2.78813,2.38307,2.49203,1.7987,1.80484
1.38537,1.63804,3.02254,2.86464,3.69585,3.97277,3.09179,3.03188,1.81386,1.75161,2.87391,2.29328,2.42605,2.43129,2.78213,2.61936,2.46764,2.49997,2.09414,1.96174,1.77221,1.81213,2.46063,1.76887,1.45699,1.50124,1.51915,1.72055,1.61877,1.73194,1.41147,1.37131
2.51772,2.10292,3.30583,2.85814,3.03751,3.33305,2.9031,3.1469,2.75036,2.37589,3.5256,2.7952,2.95298,2.79765,3.30105,3.28715,2.89322,2.8277,2.59711,2.53722,2.12963,2.31869,2.48597,3.05208,2.04477,1.91738,2.00886,2.08201,2.41198,2.24268,1.81568,1.74321
2.62523,2.48578,2.13054,2.18155,2.97349,3.00971,2.06789,2.91786,2.34625,2.06489,2.85156,2.75658,2.44537,2.56523,2.07206,2.37688,2.55686,2.40324,2.12695,2.04123,1.96997,1.94547,1.87137,2.11669,1.79644,1.83692,1.9368,1.88519,2.36314,2.37666,1.93629,1.72448
1.93403,2.43565,2.55212,2.5808,3.09533,3.17261,3.09879,2.98306,2.00959,2.02162,3.1045,2.67245,2.6577,2.88212,2.67436,2.31165,2.47876,2.47554,2.17091,2.07286,2.61449,2.56806,2.51145,2.7895,1.7521,1.70228,1.86708,1.81037,1.97504,2.16261,1.58651,1.53772
1.27996,1.23311,1.07983,0.980681,1.97242,1.69564,1.27699,1.09272,1.42988,1.36924,1.10986,1.09065,1.0936,0.918562,1.3182,1.25069,1.82816,1.5452,1.56009,1.43747,1.47077,1.36582,1.23088,1.12158,1.71406,1.58453,1.20341,1.09729,1.51938,1.3953,1.18892,1.24129
2.78427,2.62629,2.68679,2.16948,3.01329,2.99135,2.5656,2.48379,2.19596,1.5988,3.24511,2.64869,2.8549,3.01704,2.00836,2.10716,2.59426,2.41469,2.3718,2.09801,2.03434,2.01268,2.4501,2.52934,2.14434,2.03119,1.83446,1.97166,2.60735,2.24883,2.01892,1.6932
2.39448,2.40558,2.63427,2.54071,3.31793,3.77787,3.14749,3.11553,2.27692,1.99228,2.36584,2.24114,2.55997,2.43142,2.30789,2.79163,2.71088,2.4741,2.31642,2.40247,2.10188,2.7863,1.94335,2.3169,2.04026,2.05702,1.85869,1.92159,2.22713,2.1264,1.88246,1.8094
1.93873,1.99833,3.1305,3.50581,4.95682,4.866,4.19456,4.21523,2.44268,2.58858,3.68865,3.64952,3.25691,3.04435,3.5141,3.99477,2.75857,2.9085,2.97903,2.91628,2.154,2.27375,3.10636,3.04529,1.77014,1.81451,1.97578,1.96073,2.33193,2.32506,1.53013,1.58539
2.08236,2.44101,2.3872,2.09472,3.05795,2.94788,2.89125,2.7135,2.31812,2.12337,2.74677,2.14522,2.48404,2.3394,2.29819,2.18893,2.46609,2.29284,1.9445,1.76809,2.12946,2.26336,1.85323,2.05019,2.19385,1.94031,2.27396,2.03084,2.43171,2.32911,1.97859,1.7584
3.05856,2.68572,3.42532,3.10382,4.02338,4.40492,2.87505,3.68909,2.31106,2.20039,3.48205,4.39016,3.07879,3.05185,4.09077,3.92063,3.09783,3.09425,3.36574,3.91041,2.43985,2.52621,2.92294,2.98803,1.73981,1.88224,2.44566,2.02504,2.54554,2.54752,1.74564,1.72589
2.171,2.2278,2.62758,2.54948,3.61097,3.64068,3.3831,3.34032,2.2642,1.89693,2.97975,2.74553,2.73031,2.52346,2.73722,2.54957,2.50959,2.39016,2.46519,2.35058,2.41342,2.07307,2.90687,2.68452,1.92631,1.96883,1.92326,1.75735,2.55913,2.37872,1.69005,1.51558
1.34959,1.48041,1.50547,1.44447,2.22813,2.45734,1.66172,1.64597,1.08597,1.05148,1.7245,1.82116,1.67172,1.71331,1.5432,1.49955,1.2146,1.07824,1.0641,1.03308,0.958133,0.893889,1.41213,1.2546,0.785602,0.853562,1.01962,1.00845,1.35611,1.21297,0.760039,0.749517
1.56029,1.51799,2.20974,2.08083,2.92615,3.18007,2.65528,2.83554,1.53826,1.47606,2.41423,2.30078,1.86335,2.0912,2.62901,2.30968,2.02746,2.10001,1.96596,1.94443,1.6244,1.65767,1.98123,1.93395,1.43746,1.44315,1.45248,1.47018,1.65155,1.59088,1.17356,1.21022
1.89495,2.06534,2.06679,2.06537,2.93379,3.04874,2.73109,2.60247,1.9809,1.77755,2.76876,2.69256,2.46487,2.56989,2.66889,2.45474,2.22051,2.20287,2.18602,1.93493,1.88729,1.82709,2.22157,2.03905,1.62499,1.60837,1.8568,1.84638,2.06611,2.01444,1.38517,1.45329
3.20151,3.10712,3.53721,3.08911,3.83109,3.91528,4.01397,3.76972,2.28128,2.17189,4.66419,4.04869,3.62198,3.2263,3.3185,3.52869,3.05337,3.10958,2.59618,2.69664,2.1087,2.37908,2.43538,2.25116,1.86169,1.98377,2.30681,2.07731,2.60668,2.36524,1.96647,1.89599
2.4913,2.2753,1.95229,1.97986,2.64417,2.48021,2.84267,2.21746,1.68287,1.39405,2.35077,1.80372,2.27361,2.23988,1.63098,1.48008,2.10669,2.12177,1.74923,1.77265,1.84693,1.83234,1.58872,1.8523,1.79315,1.80144,1.93734,1.88432,2.39842,1.86935,1.5698,1.51874
2.05479,2.19428,2.73782,2.78989,3.27369,3.46893,3.12793,3.71044,2.17587,2.25345,2.93263,3.15624,2.99085,2.91883,2.98187,2.55141,2.7514,2.65022,2.79388,2.56892,2.21401,2.12824,2.46651,2.2686,1.81037,1.82724,1.87791,1.86862,2.11128,2.42713,1.70739,1.61663
2.03791,2.04092,2.5507,3.09421,4.70502,4.36281,2.34133,2.54469,1.80274,1.92998,2.79386,3.14923,2.0944,2.11982,2.89682,2.68701,2.47229,2.37782,2.30785,2.20156,2.03998,2.00111,2.45426,2.12762,1.54358,1.72856,1.8055,1.76521,2.11457,2.09933,1.41299,1.70762
2.18259,2.22294,2.71405,2.86623,3.25897,3.58123,3.45774,3.15633,2.05946,1.948,3.43968,2.78721,3.00171,3.30481,2.62192,3.45812,2.54008,2.47284,2.68899,2.59245,1.96697,2.02105,3.17883,2.97058,1.8953,1.91549,1.7825,1.88732,2.44367,2.12918,1.59972,1.57158
2.69781,2.34174,2.23228,2.25766,3.2058,3.43797,3.31394,2.89677,2.2436,1.85855,2.90047,2.04118,2.70557,2.82374,2.07819,1.9789,2.59432,2.57533,2.21918,1.9361,2.20001,2.13822,1.86484,2.16346,2.13406,1.99269,2.11696,2.18127,2.43656,2.4629,2.08485,1.83711
2.76376,2.66608,2.93959,2.80747,3.34708,3.63513,2.96946,3.31788,2.59651,2.40167,3.51175,3.39965,3.52862,3.2498,3.17997,3.38435,3.10753,2.78012,2.84315,2.64114,2.52966,2.72557,2.59336,2.5255,2.09228,2.14762,2.27608,2.22217,2.76566,2.58838,1.96497,2.03682
0.0417163,0.0345826,0.0124959,0.00939905,0.00926189,0.0805213,0.00672553,0.0218152,0.00987043,0.0102775,0.00960481,0.00754563,0.00348315,0.0188881,0,0.000780651,0.0189714,0.0128994,0.0124876,0.00441187,0.000369822,0.0222952,0.0169063,0.0389498,0.093682,0.0528902,0.0268331,0.0270511,0.02761,0.0259837,0.0419531,0.0324214
2.84619,2.8623,2.57056,2.28949,3.09607,3.33739,2.94412,3.2013,2.02622,1.77742,3.49449,2.95066,2.99007,2.79253,2.73658,3.20402,2.66021,2.55926,2.25736,2.21989,2.31413,2.72996,2.41255,2.8181,2.12865,1.99636,1.82886,1.79996,2.48475,2.3778,1.91506,1.86609
3.78115,3.61818,3.29695,2.66971,4.24138,4.44837,5.57687,4.71709,2.66755,2.16814,4.30474,3.43079,4.17666,3.34814,3.4473,3.77251,3.32214,3.0279,3.6699,3.39793,2.70767,2.88745,3.0497,3.1785,2.21743,2.04851,2.23281,2.27609,2.98231,2.59845,2.12838,2.06126
1.84525,2.23733,2.80906,2.40417,3.08219,3.37202,3.37634,2.47273,2.35961,2.23093,3.03045,2.67426,2.38775,2.42279,2.45356,2.67708,2.4755,2.64739,2.25156,2.35562,2.00707,2.16574,2.55552,2.2725,1.92089,1.88408,1.59838,1.82869,1.93072,2.24427,1.57987,1.64665
0,0,0,0,0,0,0,0,0,0,0,0,0,0,0,0,0,0,0,0,0,0,0,0,0,0,0,0,0,0,0,0
2.20433,2.40776,2.9281,2.8017,3.28464,3.37629,3.11613,3.69693,2.144,1.96309,3.05682,3.01693,2.49812,2.6633,3.09381,3.14583,2.84707,3.02185,2.71573,2.77305,2.33385,2.51955,2.66827,2.53546,1.86611,1.8185,1.94614,2.25069,2.17428,1.95316,1.91056,1.56396
2.42696,2.3127,2.01704,2.00039,3.0618,3.22935,2.86651,2.69774,2.31476,1.64464,2.70953,2.09473,2.69508,2.1789,1.65229,1.6077,2.13956,2.00736,1.9061,1.51044,1.74232,1.71648,1.81755,1.93339,1.79029,1.65055,1.64803,1.6763,2.0367,1.91419,1.66244,1.64901
2.61653,2.57247,2.96828,2.33175,2.97208,2.88523,3.14522,3.11131,2.5348,1.99897,3.25891,2.77787,3.11142,3.07039,2.30902,2.17362,2.84319,2.66112,2.44751,2.38017,2.29095,2.30549,2.38715,2.48424,2.28433,2.07308,1.9243,1.87485,2.39395,2.36851,1.96489,1.91594
1.62549,1.66107,2.35106,2.40656,3.8533,4.36281,3.41537,3.60105,1.73297,1.75798,2.74481,2.82432,2.17288,2.45975,2.35741,2.27549,2.2707,2.24096,1.8293,2.00878,1.60934,1.92895,2.17886,1.87233,1.35046,1.39589,1.50184,1.47976,1.77741,1.79458,1.25059,1.23732
1.98017,2.52741,3.07476,3.13495,4.59702,4.89787,3.66839,4.13163,2.44568,2.29973,3.39215,3.49711,2.49223,2.45338,4.2146,3.8162,2.99367,3.03414,2.73488,2.87406,2.68964,2.42473,2.83162,2.79857,1.92199,1.89651,1.86264,2.07612,2.29511,2.39597,1.86374,1.89372
2.00912,2.13276,2.63662,2.46241,2.93752,3.22938,2.53485,2.81644,1.89107,1.83033,3.0103,3.03834,2.38966,2.79884,2.7318,3.28046,2.33602,2.34237,2.37792,2.40529,1.87157,2.14645,2.33784,2.19121,1.55016,1.64537,1.90045,1.82411,1.93191,2.04628,1.43893,1.54378
1.52386,1.55969,1.944,1.77083,2.6894,3.04686,3.0736,2.89024,1.82566,1.67883,2.23388,1.8726,2.49865,2.53353,1.9719,1.80482,2.14792,1.99736,1.66041,1.72647,1.64971,1.75635,2.22545,2.336,1.68484,1.6734,1.55221,1.51225,1.71061,1.63981,1.40104,1.35362
4.16669,4.18004,4.11515,3.55395,4.09746,4.92712,4.31895,4.41772,3.13734,3.14047,4.24902,4.00443,4.14244,3.96304,4.45081,3.99985,3.89736,3.64551,3.40057,3.98481,3.39544,3.38828,3.71411,3.96784,2.73921,2.79919,2.96436,3.00099,3.37197,4.33143,2.5454,2.45423
2.05084,2.17901,2.57798,2.53556,3.15913,3.40009,2.57486,2.24526,2.40986,2.13649,3.03894,2.66069,2.4622,2.52509,1.94917,1.74974,2.67757,2.40637,2.17456,2.06455,2.29942,2.02925,1.87236,2.05166,2.09668,1.84657,1.91168,1.89475,2.2283,2.41236,1.99447,1.67256
2.28079,2.31497,3.18859,3.07254,3.84155,4.26891,3.49812,3.22638,2.27124,2.16611,3.8186,3.94439,2.74532,2.91394,3.19539,3.03733,2.76116,2.95552,2.71551,2.72685,2.03573,2.41408,3.12766,2.46916,1.83236,1.92446,1.91249,1.86983,2.29749,2.33078,1.74555,1.79771
2.54763,2.28912,2.28963,2.3909,2.6794,2.75273,2.83348,3.1189,1.98957,1.666,2.54439,2.47417,2.60998,2.68777,2.40383,2.23461,2.35554,2.41474,2.16074,1.89828,1.99005,1.94329,2.26187,2.21436,1.78057,1.62572,1.90117,2.0471,2.04996,2.14847,1.76285,1.46479
2.61273,2.69175,2.71844,2.88872,3.56761,3.82969,3.39321,3.22892,1.99452,2.11595,3.23042,2.86301,2.5062,2.44682,3.25323,3.35673,3.0471,3.37655,3.10274,2.71469,2.41211,2.20293,2.89612,2.78071,2.11878,2.07264,2.23594,2.23735,2.76572,2.4204,2.17135,1.98591
1.82672,1.85352,1.59688,1.79265,2.34172,2.32221,2.21705,2.32809,1.74846,1.66837,1.81499,1.93604,2.21241,2.18942,1.47389,1.49219,1.68362,1.74757,1.55609,1.40912,1.60515,1.60297,1.49781,1.52394,1.65797,1.54541,1.50199,1.33029,1.58244,1.68458,1.16271,1.23904
2.07371,2.02882,2.56217,2.21572,2.74798,2.93917,2.16066,3.08558,1.55763,1.65597,3.29116,2.98195,2.31196,2.3943,2.72941,2.94777,2.08013,2.34392,2.29992,2.08706,1.57146,1.69367,1.73681,1.85745,1.30064,1.27576,1.89357,1.81056,2.03107,2.15439,1.33493,1.27199
2.39481,2.37335,2.83776,2.53327,4.19706,3.88254,2.58089,3.36839,2.31998,2.1588,3.3523,3.34155,2.58818,2.57786,3.55287,2.59555,2.79602,2.73347,2.82711,2.32871,1.97247,2.1552,2.39679,2.22127,1.93668,1.78595,2.03803,1.99045,2.6175,2.41652,1.50679,1.49508
0,0,0,0,0,0,0,0,0,0,0,0,0,0,0,0,0,0,0,0,0,0,0,5.24988e-05,0,0,0,0,0,0,0,0
2.28281,2.10584,2.86867,2.03535,3.23345,3.55837,2.98328,2.876,2.11124,1.9993,2.65583,2.37263,2.52468,2.52484,1.79583,2.20496,2.34859,2.12211,2.1717,2.11461,2.168,1.85551,2.332,2.47304,1.93869,1.7798,1.64402,1.39863,1.95989,1.89151,1.58284,1.6667
2.36578,2.42762,2.67939,2.53278,3.21426,2.86415,3.04018,2.50005,2.40077,2.01814,3.16142,2.67835,2.57872,2.58814,2.97871,2.79703,2.76346,2.56253,2.6751,2.59055,2.34264,2.52186,2.80489,2.73905,2.21583,2.01491,2.09907,2.1974,2.8297,2.66071,1.87237,1.70315
2.02373,2.35025,2.23828,2.61936,3.57459,3.43239,2.93121,3.13441,1.92297,1.85581,3.08748,2.61497,3.1762,3.14374,2.56928,2.14057,2.63232,2.41963,2.36466,2.17609,2.19487,2.11186,2.51644,2.66799,1.94055,2.0415,1.74434,1.93055,2.19727,2.38632,1.52058,1.72232
3.20342,3.24615,3.4341,2.91188,3.80338,4.34273,3.571,4.01086,2.54086,2.4204,4.17409,3.3426,4.33882,3.48888,3.52164,3.50365,3.23091,3.22556,2.73274,2.67068,2.61836,2.57565,2.96623,3.17573,2.4582,2.49854,2.50336,2.48429,3.17064,2.8781,2.42537,2.1258
2.49908,1.73197,3.05278,3.13395,3.92355,4.30294,4.14324,4.34757,2.17726,2.0664,4.04294,3.41334,3.23474,2.48507,2.7069,3.01537,2.90783,2.73091,2.42723,2.56197,2.35244,2.3196,2.88132,2.12987,1.83612,1.60561,1.86838,1.60439,2.39557,2.08815,1.6281,1.56435
1.94315,1.80786,2.05066,2.07203,2.46741,2.83009,1.99485,2.72028,1.97046,1.86206,2.39493,2.49279,2.32435,2.24223,2.63514,2.44946,2.25707,2.22736,2.05636,2.06915,1.65991,1.74601,2.14175,2.30957,1.63449,1.56974,1.71875,1.72447,1.84576,1.78913,1.55735,1.46166
2.1315,2.36882,2.78599,2.45121,3.4794,3.6156,3.31013,3.25184,2.16671,2.05339,3.04523,2.81803,2.53814,2.50175,3.05466,2.90871,2.57815,2.46161,2.61256,2.51895,2.24117,2.2204,2.83865,2.48462,1.71611,1.60872,1.81764,1.69096,2.04517,2.17451,1.71321,1.46422
0,0,0,0,0,0,0,0,0,0,0,0,0,0,0,0,0,0,0,0,0,0,0,0,0,0,0,0,0,0,0,0
2.44583,2.42486,2.30001,2.00006,2.77121,2.96874,2.77951,2.69745,2.52199,2.10139,2.87392,2.7987,2.96422,2.63777,1.94483,1.94887,2.33677,2.30494,2.19829,1.9005,1.97152,1.99064,2.1313,2.47194,1.92602,1.86038,1.71499,1.69689,2.05358,2.03895,1.74526,1.81764
2.98149,2.92779,3.03355,2.79969,3.54015,3.98258,4.9631,4.76489,3.01994,2.4123,4.75072,4.18572,3.32462,3.44098,2.98847,2.81269,2.88418,2.96964,2.82445,2.56238,2.26785,2.7937,2.60604,2.72741,2.18482,2.02674,2.28825,2.10147,3.20777,3.08899,1.98817,1.80779
2.56899,2.39089,2.20156,2.39281,3.73379,3.62258,2.55741,2.67857,2.12549,1.90267,3.1451,2.17703,3.17749,3.15053,1.96987,1.97829,2.57067,2.32869,2.46839,2.1806,2.41751,2.07789,1.7602,2.3329,1.85888,1.66861,1.92754,1.97787,2.59171,2.30001,1.77715,1.57407
1.81425,1.96896,2.63889,2.68819,3.79766,4.03698,3.69335,3.73176,1.99857,1.95152,2.92173,2.88125,2.76295,2.73039,3.12883,3.33822,2.87878,2.99589,2.62183,2.67189,1.92037,2.01369,2.45673,2.35319,1.69205,1.75532,1.75301,1.63218,2.10453,2.21093,1.63876,1.4329
2.26157,2.36349,2.34916,2.21311,2.98345,3.4121,3.4718,3.02848,1.91689,1.90863,2.93951,2.64718,2.46878,2.49376,2.55282,2.67426,2.71482,2.521,2.11447,2.19135,1.77284,2.1803,2.27352,2.18259,1.84011,1.8298,1.96331,1.8865,2.28661,2.22043,1.5408,1.55896
2.15956,2.29243,3.03556,2.98332,3.82889,3.60995,3.71784,3.30187,2.42372,2.36844,3.5393,3.42742,2.7657,2.5591,3.07012,2.98133,2.51656,2.69458,2.40359,2.30816,2.4353,2.30905,2.50404,2.34865,1.76825,1.61104,1.81429,1.89612,2.3091,2.40678,1.66066,1.64337
3.03065,3.0904,2.86722,2.79288,3.80641,3.8151,3.51298,4.52537,2.49736,2.32249,3.7742,3.45222,3.13272,3.41994,2.52419,2.14504,2.88442,2.55128,2.54337,2.4119,2.22307,2.49219,2.51463,2.48253,2.22801,2.16407,2.3163,2.42153,2.84891,2.89384,1.96982,1.81095
2.63779,2.83589,2.84553,2.854,3.83716,3.82944,3.02858,3.59342,2.54597,2.4077,3.28063,3.36197,3.10109,2.88741,2.70909,3.21351,2.60717,2.80658,2.45122,2.3361,2.30468,2.597,2.36085,3.09211,2.10981,2.10446,2.03374,2.10996,2.46521,2.58575,1.68963,1.79498
2.91846,3.03583,2.92159,2.5407,4.13371,4.12949,3.81366,3.00092,2.57303,2.08634,3.11741,2.80886,3.1183,2.57713,2.93695,2.73274,3.11347,2.92313,2.78247,2.6352,2.52389,2.64847,3.04854,3.17422,2.20955,2.10911,2.07904,1.97497,2.61625,2.69159,2.01527,2.02876
2.26116,2.68387,2.45647,2.25408,3.33374,3.19885,2.97605,2.97663,2.28021,1.95495,2.71094,2.26721,2.6821,2.56344,2.12095,2.15216,2.3145,2.28644,2.37737,2.16865,2.03424,2.03538,2.00425,2.26978,1.78769,1.69534,1.68359,1.89149,2.15403,2.14086,1.64492,1.59634
2.99439,3.04293,3.56873,3.20741,3.82369,3.85518,3.34817,3.80503,2.79253,2.41446,4.13693,3.11755,3.57321,3.36881,2.84507,2.67613,3.33924,3.16539,2.83561,2.91265,2.79701,2.79791,2.76783,3.39169,2.42449,2.34457,2.37853,2.32705,2.95876,2.73464,2.33983,1.89073
1.88202,2.00434,2.31896,2.20561,2.94725,3.20019,3.24906,3.33711,1.99761,1.81588,2.88245,2.7936,2.43158,2.4565,2.99304,2.89487,2.47202,2.37848,2.15744,2.1707,1.93222,1.95817,2.6708,2.69407,1.59588,1.7611,1.77452,1.71136,2.1892,2.14263,1.35599,1.5538
1.54091,1.54844,2.58364,2.60707,4.23704,3.92683,3.40833,2.99684,1.80653,1.68464,2.82913,2.21771,2.8298,2.25319,2.37212,2.27778,2.08319,1.94351,1.91675,1.42974,2.08694,1.7381,2.21677,1.5874,1.42047,1.45321,1.58364,1.27171,1.80463,1.68868,1.32911,1.29951
1.52724,1.60394,2.27517,2.19767,3.17067,3.32579,2.59922,2.96838,1.3385,1.174,2.50171,1.93781,2.3476,2.34477,2.18004,2.45259,1.57059,1.51686,1.37898,1.22505,1.11259,1.13207,1.95078,1.89271,0.901743,0.921048,1.19075,1.18069,1.5376,1.48579,1.15765,1.13795
2.88604,3.09511,3.38935,3.03552,3.33049,4.0011,3.11896,3.56821,2.34643,2.31735,4.1427,3.76525,3.70268,3.33936,2.88353,2.82352,3.45438,3.198,3.1573,3.06621,2.43915,2.87316,2.74025,3.35814,2.14618,2.23294,2.39249,2.33916,2.78474,3.01133,2.03486,2.15415
2.41664,2.57503,2.58201,2.57223,3.29005,3.2208,3.45659,3.2092,2.10301,1.76078,3.30383,3.11888,3.03453,2.74741,3.37219,2.79247,2.55058,2.42182,1.97372,1.80651,1.69708,1.89789,2.6172,2.25333,1.63982,1.45942,2.1473,1.71962,2.23792,1.84802,1.45125,1.44783
2.18331,2.14504,2.29707,2.14411,2.91214,2.87264,3.07451,3.0753,1.90465,1.64482,2.30777,1.95252,2.44466,2.09077,2.12606,1.88508,2.38248,2.20697,1.85737,1.78862,2.01087,1.88568,2.10559,2.15001,1.95036,1.75327,1.71786,1.80315,2.19654,1.94993,1.62787,1.51349
1.88393,1.9503,1.76501,1.95786,3.33558,3.25929,2.8335,3.05175,1.3065,1.1699,2.71497,2.22353,2.0487,2.20061,1.68418,1.77002,0.97211,1.22686,0.990193,0.972983,0.865282,1.03003,1.76372,1.32744,0.92805,0.834918,1.58351,1.14184,1.45006,1.30105,0.984549,0.766804
1.70685,1.63382,2.34529,2.03329,2.86025,2.88578,2.32687,1.96412,2.00234,1.70264,2.13478,1.8277,2.41004,2.69228,1.43725,1.36437,1.9987,2.00393,1.7855,1.50598,2.19562,1.89286,1.68412,2.51326,1.80181,1.64356,1.56941,1.53624,1.64107,1.74711,1.61473,1.44417
2.24114,2.26022,2.22651,2.0424,2.7646,2.98095,3.5733,2.96401,2.11545,1.74698,2.60824,2.27089,2.5457,2.37073,2.17761,2.26533,2.4528,2.59581,2.34252,2.43288,2.24602,1.99042,2.40154,2.79526,1.89599,2.02107,1.82752,1.64944,2.11444,2.0613,1.51855,1.48705
2.57178,2.54098,2.62591,2.39756,3.17106,3.54324,3.61203,3.47285,2.74927,2.30468,3.56887,2.99118,3.04593,2.75576,2.82797,2.84954,2.89605,2.67268,2.77126,2.3884,2.60104,2.33241,2.08565,2.37514,2.19539,2.10033,2.4185,2.25859,2.70676,2.76337,1.9603,1.85696
2.14635,2.50841,2.45018,2.42452,2.75928,3.08266,3.29646,3.37839,1.96943,1.67294,2.91639,2.74221,2.86209,2.62758,2.49558,2.46459,2.55231,2.56702,2.4367,2.30758,2.00971,1.89885,2.37563,2.32784,1.85114,1.79299,1.97334,1.89838,2.15123,2.14625,1.7896,1.61264
2.44614,2.30688,2.51209,2.50062,3.24774,3.01478,2.74099,2.02343,2.14569,1.76725,1.93828,1.78661,2.64973,2.35658,2.16328,2.01,2.48611,2.37435,2.01485,2.10528,2.1406,1.99665,2.12727,2.36712,1.8814,1.77773,2.08433,2.01156,2.3189,2.10571,1.61453,1.52424
2.68932,2.8272,2.74711,2.6705,3.93279,3.7038,3.69905,3.97517,2.4247,2.28937,4.094,3.58419,2.96963,3.02399,3.08339,3.3429,2.8674,2.8021,2.48446,2.62088,2.14469,2.04961,2.84899,2.75802,1.87999,1.84283,2.36394,2.20448,2.47205,2.46937,1.94916,1.78928
0.112778,0.107361,0.0437007,0.0417467,0.0493884,0.251722,0.000876458,0.0530432,0.0282575,0.0282618,0.0361987,0.032568,0.0140063,0.0429255,0.0193405,0.0512615,0.0260598,0.0283412,0.00870453,0.0463353,0.000413257,0.0573852,0.0363129,0.0660734,0.199437,0.155696,0.0814817,0.0858165,0.079963,0.0589885,0.112908,0.0689209
2.14942,2.02021,2.38189,2.53444,3.03045,3.07484,2.72297,3.07989,2.08804,1.71879,2.78234,2.78078,2.37726,2.44292,2.19955,2.38442,2.49305,2.42739,2.40397,2.11943,1.97382,2.08441,2.23323,2.61389,1.79494,1.79229,1.79178,1.8883,2.24841,2.27553,1.73098,1.57192
2.41264,2.51943,2.98473,2.69409,3.06692,3.34068,3.33418,3.76093,2.37013,2.16584,3.90466,3.33446,3.10037,2.99133,2.68732,3.05441,3.01559,2.86647,2.92865,2.58472,2.40976,2.43916,2.38664,2.71887,2.27388,2.05516,2.12375,2.28699,2.57764,2.3904,2.0151,1.93561
3.00159,2.80861,3.10954,2.94082,3.80045,3.91788,4.46646,4.37506,2.38036,2.32588,3.57926,3.10701,3.84912,3.42087,2.62829,2.86813,2.78138,2.98246,2.50213,2.75556,2.38965,2.52489,2.41452,3.18138,1.96139,2.14587,2.07756,1.91732,2.16636,2.32047,1.99082,2.12863
2.41928,2.07685,2.54944,2.11379,2.62655,2.77207,2.77558,2.54686,1.92009,1.93957,2.68486,2.72672,2.33771,2.33793,2.55621,2.55163,2.19631,2.13429,2.00265,1.9774,1.68934,1.79441,2.28013,1.66195,1.56772,1.58273,1.76911,1.71423,2.08443,2.06505,1.52311,1.54821
2.75266,2.87782,3.33691,3.10821,3.67864,3.65551,3.07424,3.16467,2.28101,2.32748,3.44451,2.92568,3.19449,2.79987,3.27765,3.03798,3.01642,3.04007,2.63779,2.8423,2.50295,2.56005,3.18235,2.9445,2.19364,2.40559,2.54519,2.40898,2.52391,2.86491,1.94271,1.7352
2.36411,2.1436,2.563,2.69424,3.30117,3.29739,3.06888,2.98932,2.36652,1.83599,2.65586,2.13225,2.97708,2.77631,2.17391,2.39294,2.34001,2.37674,1.89501,1.83495,1.98382,2.01352,2.19953,2.62731,1.97336,1.82494,1.97552,2.0626,2.35852,2.00489,1.72764,1.6235
3.46746,3.38143,2.70437,2.42665,3.72859,3.68828,3.28724,2.79213,2.16878,2.13054,3.75725,3.60502,3.30955,2.80091,3.06564,2.75203,2.63065,2.63427,2.55094,2.61255,2.25864,2.33517,2.93998,2.94778,1.96265,2.02,2.10127,2.06389,2.62937,2.84176,2.10156,1.88636
2.16992,2.10976,2.83602,2.32739,3.61771,3.77221,4.05217,4.55322,2.12015,1.96401,3.40516,3.33522,2.68856,2.56688,3.34262,3.06876,2.76818,2.64008,2.78717,2.856,2.00778,2.35867,2.95633,2.55919,1.53147,1.72452,2.2951,2.32571,2.40135,2.45233,1.70666,1.57291
1.58618,1.75191,2.42413,2.56022,3.65635,3.64924,3.73853,3.51488,1.82516,1.87876,2.41039,2.52161,2.68727,2.68449,3.13774,2.77882,2.68784,2.64025,2.07802,2.21991,1.96888,2.09447,2.2864,1.93452,1.68203,1.45763,1.49711,1.60926,1.9049,1.96277,1.33792,1.37712
3.04581,3.23384,3.97146,3.36151,3.67415,3.63411,4.2962,4.68943,2.47961,1.93672,4.66841,4.23169,3.63881,3.53343,3.95258,3.63568,3.30329,3.21556,3.21056,3.29676,2.37146,2.52579,3.21347,2.87819,1.86224,1.99637,2.41293,2.36273,2.81103,3.08337,1.9502,1.8111
1.87455,2.10094,2.42095,2.2351,2.75817,3.23183,2.95704,2.95754,1.75465,1.66882,2.66865,2.8743,2.39005,2.38479,2.84545,2.89377,2.24792,2.23277,2.57538,2.33162,2.01058,1.79663,2.40213,2.16808,1.4864,1.54069,1.95908,2.05576,1.95069,2.00461,1.37738,1.49953
3.01341,3.29831,2.88603,2.91389,3.59752,3.95909,4.13888,4.14735,2.25089,2.35514,3.67518,3.66821,2.80427,3.12837,3.43082,3.28587,3.0149,2.79245,2.65638,2.70396,2.68366,2.57463,3.24459,3.25768,2.40434,2.39567,2.86768,2.53324,2.57055,2.61947,2.09466,1.95929
2.33282,2.25112,3.09018,2.68598,3.67828,3.71615,3.02734,1.35641,2.29533,2.08074,2.81066,2.57226,2.36579,2.17211,3.4992,3.37555,3.18935,2.87104,2.92605,2.83195,2.28111,2.38823,3.40982,2.50604,2.10716,2.19083,2.1985,2.07357,2.33191,2.30342,1.79446,1.7941
2.29146,2.10215,2.56497,2.34382,3.0544,3.1097,3.61736,3.00062,2.12855,1.80211,2.52619,2.40861,2.36226,2.19018,2.37849,2.29064,2.64998,2.60604,2.29946,2.25381,2.23435,2.41991,2.42293,2.8811,1.66537,1.7569,1.83616,2.04456,2.22477,2.40885,1.74374,1.6
2.60654,2.38455,2.36274,2.29587,3.20654,3.48304,2.99757,3.45755,2.17408,1.83817,3.31935,2.92539,2.83053,2.70681,2.68504,3.15596,2.82934,2.66232,2.42262,2.39845,1.92534,2.09589,2.85116,2.72197,1.73872,1.78849,1.82479,1.67142,2.33624,2.1551,2.00909,1.6753
2.24036,2.32694,2.72291,2.43804,3.13094,3.19708,3.04906,3.14938,1.99354,1.89731,2.9997,2.62257,2.84072,2.6332,2.66608,2.79561,2.37632,2.39569,2.27216,2.37606,1.85517,1.97679,2.54921,2.27588,1.75964,1.63263,1.70836,1.78044,2.02284,2.17399,1.49836,1.45126
2.83394,2.87741,2.90807,2.64813,3.67454,3.68801,3.52903,3.50619,2.618,2.32569,3.42461,3.09381,3.02993,2.78992,3.46534,3.56776,2.77187,2.73889,2.54943,2.395,2.59749,2.54791,3.18252,3.06877,2.21812,2.04605,2.04526,2.05434,2.67252,2.49158,2.12672,1.72067
1.82542,1.87187,2.12117,1.88395,2.67672,2.88888,2.79504,2.90032,2.2299,1.95766,2.8226,2.51813,2.81135,2.59237,2.35265,2.03538,2.28831,2.17315,2.17462,1.85674,1.97833,1.83513,2.34214,2.23782,1.60976,1.54595,1.52454,1.49383,1.94417,1.79672,1.51848,1.46692
1.77862,1.79643,1.16531,0.931758,2.21145,2.0176,1.1719,0.713087,1.54146,0.938536,1.07597,0.770194,1.73472,1.52714,1.41895,1.04423,1.51994,1.35225,1.56316,1.21771,1.51376,1.49985,1.16721,1.1994,1.83584,1.62881,1.37655,1.33248,1.56412,1.25102,1.21395,0.989158
2.3796,2.40019,3.21682,2.96461,3.40257,3.48267,3.71589,3.73467,2.19029,2.25653,3.54208,3.01468,3.43133,2.88035,3.59877,3.56876,3.05722,3.00591,2.72101,2.9306,2.44205,2.22264,2.95035,3.3736,2.04798,1.85585,1.97882,2.23944,2.20189,2.6661,1.73338,1.77437
2.75343,2.61428,3.21718,2.82068,3.07355,3.68118,3.11166,3.12412,2.34265,2.21903,3.82543,3.21691,3.02477,2.83614,3.0007,3.38179,2.97801,3.0213,2.61432,3.01555,2.26754,2.28647,2.73182,3.06107,2.27334,2.04548,2.47371,2.21032,2.9283,2.75173,2.10569,1.8552
2.08751,2.07056,2.7944,2.73688,3.66501,3.37306,3.29471,3.66706,2.0943,2.12324,3.46275,3.21612,2.23657,2.46486,3.33315,3.19062,2.67558,2.88804,2.35809,2.53505,1.97309,2.1006,2.57644,2.24952,1.51655,2.02176,1.78452,2.26132,2.11097,2.30401,1.70971,1.63373
2.40046,2.54358,2.91332,2.38882,3.29116,3.4041,3.02377,3.19927,2.31507,2.04121,3.55257,3.10895,2.99722,2.96155,2.53976,2.62138,2.79833,2.95155,2.33891,2.24687,2.19987,2.48416,2.73589,2.85719,2.17192,2.15952,2.02026,2.00847,2.40308,2.46361,1.72498,1.67696
2.67187,2.5914,3.36197,2.75353,3.64898,3.6776,3.4932,4.15442,2.86202,2.40068,3.89452,3.62946,3.26431,3.07965,3.41587,3.45989,2.93717,2.68792,2.7829,2.72331,2.51402,2.64999,3.5785,3.26393,2.02695,2.06883,2.07443,2.02311,2.7474,2.55767,1.95643,1.84852
3.00585,2.96815,3.29525,2.78721,3.32315,3.645,4.1069,4.41975,2.93686,2.72705,4.62464,4.35537,3.6327,3.51898,3.46115,3.60807,3.41982,3.19738,3.42211,3.36575,2.68623,2.97878,3.24632,2.79676,3.09923,2.83442,2.67704,2.58151,3.3597,3.05823,2.34318,2.27715
2.27512,2.21232,3.02143,3.09954,4.59624,4.13779,4.56905,4.57027,2.66729,2.56869,3.6194,3.69914,3.75219,3.24369,4.12869,3.71825,3.75747,3.63606,3.38302,3.26363,2.94788,2.8584,3.24348,3.08118,2.34401,2.39165,2.41667,2.57806,2.80467,2.94071,2.20437,1.91473
2.52438,2.63983,2.9494,2.85487,3.4018,3.47514,3.88544,5.21549,2.57427,2.60987,4.35709,4.37775,3.12783,3.02982,3.47782,3.29227,2.82459,2.65127,2.54095,2.52438,2.36396,2.23874,2.9614,2.63564,1.68623,1.80668,2.29245,2.19889,2.84158,3.0309,1.90136,1.7127
2.15733,2.24089,2.83406,3.09989,3.76973,4.10533,0.763636,0.285298,2.12536,2.042,3.0067,2.93417,2.32766,2.33195,0.039682,8.57593e-05,2.64672,2.8083,2.03647,2.09485,1.6004,1.77831,0.274552,0.11602,2.20678,2.04891,1.75825,1.87447,2.12123,2.00134,2.1292,1.86892
2.70567,2.66076,2.43733,2.31706,3.28223,3.3008,3.31529,2.60603,2.3492,1.74667,2.78897,2.11296,2.51815,2.78999,2.30978,2.54978,2.46875,2.50451,1.93898,2.12605,2.10355,2.1779,2.11838,2.41389,1.98004,1.92672,2.33063,2.06332,2.54931,2.05916,1.81068,1.78515
2.89122,2.69564,3.02569,2.68818,4.15464,3.91847,3.73735,3.21579,2.61264,2.23559,3.77527,3.09789,3.44596,2.81222,1.93312,2.28188,2.58591,2.77139,1.92403,2.09,1.85599,1.94785,2.63369,2.90444,1.94908,1.94024,2.23204,2.49577,2.49092,2.63015,1.77402,1.73454
2.58064,2.43191,2.42178,2.48661,3.3965,3.91262,2.76778,2.92477,2.16504,2.4355,2.30484,2.54945,2.55842,2.50279,2.01337,1.72249,2.4282,2.38833,1.972,2.09276,2.35519,2.16751,3.05583,2.08774,2.18824,2.06848,2.29123,2.17643,2.27295,2.15282,1.95875,1.76803
2.07518,1.78465,2.78472,2.44108,3.28351,3.15838,4.37742,3.68644,1.94345,2.07346,2.99912,3.19708,2.5943,2.71018,3.54469,3.09341,2.79284,2.83275,2.65539,2.80972,2.05734,2.19056,2.82547,2.72663,1.789,1.98409,1.94745,1.7883,2.26075,2.28055,1.76865,1.72147
2.35078,2.20388,2.51038,2.49639,3.09849,3.25894,3.02077,3.16486,2.16604,2.10678,2.8249,3.20084,2.72676,2.82048,3.35982,3.19663,3.04136,3.06513,2.91698,2.75574,2.17483,2.17847,2.30916,2.46546,1.97878,1.84984,1.84862,1.82048,2.22557,2.24481,1.56717,1.80589
2.67703,2.59397,3.28493,2.71851,3.58448,3.85373,3.93549,3.73341,2.64022,2.51502,3.08893,3.22695,3.33184,3.15887,3.26521,3.10552,3.06992,3.14497,2.92913,2.87984,2.31744,2.2784,3.22297,2.61492,2.06895,2.21975,2.23821,2.31815,2.9919,2.41739,1.81392,1.84112
1.69498,1.63551,2.58115,2.37102,3.63719,4.02321,3.29938,2.97694,1.52177,1.45071,2.3389,2.21716,2.23673,2.23516,2.97095,2.62296,2.27559,2.18814,2.08945,1.99245,1.79248,1.59714,2.27191,1.97065,1.329,1.42933,1.39208,1.44731,1.6525,1.60243,1.21656,1.1257
2.99742,2.9334,2.77551,3.05468,3.39632,3.35073,3.3091,3.44365,2.5704,2.63525,3.53493,3.84102,3.24659,3.37397,2.77605,2.85082,3.00066,2.91542,2.66695,2.86164,2.21714,2.09602,2.6091,2.38138,2.04567,2.18458,2.6518,2.36993,2.99114,2.67696,2.1987,2.07571
2.62264,2.49582,2.62681,2.3056,3.00879,3.01717,3.84582,3.19578,1.86414,1.88763,3.01307,3.17172,2.78159,2.71548,2.99396,2.62718,2.32324,2.44534,2.1425,2.26902,2.12629,1.91571,2.40585,2.32756,1.835,1.83655,1.87729,1.82142,2.25009,2.20467,1.60999,1.56593
3.3341,3.35817,3.53899,3.2563,4.11544,4.30604,2.20841,4.71945,2.07217,2.61105,3.83658,4.63888,3.06282,3.36409,3.76757,3.63789,3.19835,3.07297,3.18627,3.0505,2.95148,2.56954,3.21159,3.42195,2.12739,2.28478,2.462,2.45674,2.78164,2.9237,2.26521,2.09143
