-0.922505,-0.926953,-0.930686,-0.933873,-0.936639,-0.939069,-0.941222,-0.943155,-0.944891,-0.946464
-0.916675,-0.920494,-0.923822,-0.926765,-0.929395,-0.931746,-0.933874,-0.935809,-0.937577,-0.939204
-0.912721,-0.915884,-0.918719,-0.921281,-0.923619,-0.925758,-0.927732,-0.929548,-0.93123,-0.932795
-0.904722,-0.906777,-0.908687,-0.910493,-0.912193,-0.9138,-0.915319,-0.916755,-0.918121,-0.919418
-0.925512,-0.928201,-0.930607,-0.932774,-0.934749,-0.93655,-0.938202,-0.939728,-0.941142,-0.942457
-0.92539,-0.928158,-0.930628,-0.932867,-0.934899,-0.936756,-0.938457,-0.940028,-0.94148,-0.942832
-0.888993,-0.893829,-0.898141,-0.902018,-0.905525,-0.908728,-0.911622,-0.914266,-0.916723,-0.918955
-0.913571,-0.918416,-0.922455,-0.925908,-0.928904,-0.931548,-0.933896,-0.935996,-0.937894,-0.939626
-0.892117,-0.898062,-0.903227,-0.90774,-0.91171,-0.915225,-0.918355,-0.921172,-0.923718,-0.926033
-0.920124,-0.924659,-0.928492,-0.931766,-0.934651,-0.93723,-0.939498,-0.941501,-0.943334,-0.945002
-0.922674,-0.927093,-0.930771,-0.933904,-0.936619,-0.939003,-0.941113,-0.943,-0.944703,-0.94625
-0.819815,-0.827509,-0.83477,-0.84148,-0.8476,-0.853148,-0.858173,-0.862773,-0.866941,-0.870733
-0.895797,-0.902119,-0.907482,-0.912082,-0.916065,-0.919603,-0.922716,-0.925496,-0.928001,-0.930272
-0.925507,-0.927823,-0.92992,-0.931836,-0.933592,-0.935212,-0.936713,-0.938105,-0.939404,-0.940615
-0.926156,-0.930169,-0.933509,-0.936357,-0.938832,-0.941001,-0.94293,-0.944658,-0.946219,-0.947639
-0.926873,-0.928459,-0.929945,-0.931342,-0.932661,-0.933909,-0.935094,-0.93622,-0.937293,-0.938312
-0.925687,-0.929107,-0.932072,-0.93468,-0.937004,-0.939096,-0.940987,-0.942712,-0.944292,-0.945746
-0.927137,-0.93174,-0.935522,-0.938726,-0.941491,-0.943912,-0.946055,-0.947971,-0.949696,-0.951261
-0.918359,-0.922588,-0.926158,-0.929246,-0.931963,-0.934382,-0.936558,-0.93853,-0.940328,-0.941976
-0.926395,-0.930786,-0.934465,-0.937621,-0.940372,-0.942798,-0.944958,-0.946896,-0.948648,-0.950242
-0.92376,-0.928025,-0.931644,-0.934769,-0.937512,-0.939944,-0.942123,-0.94409,-0.945874,-0.947503
-0.867732,-0.87381,-0.87919,-0.883983,-0.888285,-0.892175,-0.895716,-0.898956,-0.901942,-0.904704
-0.92875,-0.932559,-0.935752,-0.938507,-0.940916,-0.94306,-0.944979,-0.946715,-0.948294,-0.949742
-0.925271,-0.929307,-0.932726,-0.935677,-0.938268,-0.940569,-0.942628,-0.944483,-0.946169,-0.94771
-0.907866,-0.912505,-0.916569,-0.92016,-0.923363,-0.926238,-0.928833,-0.931192,-0.93335,-0.935332
-0.921105,-0.925204,-0.928659,-0.931644,-0.934266,-0.936596,-0.938687,-0.940582,-0.942309,-0.943892
-0.93214,-0.935505,-0.938361,-0.940836,-0.943015,-0.944956,-0.946702,-0.948285,-0.94973,-0.95106
-0.925276,-0.930134,-0.934111,-0.937467,-0.940351,-0.942862,-0.945074,-0.947046,-0.948819,-0.95042
-0.929176,-0.932949,-0.936094,-0.938785,-0.941133,-0.943212,-0.945069,-0.946748,-0.948268,-0.949661
-0.922244,-0.925823,-0.92893,-0.931669,-0.934114,-0.93631,-0.938305,-0.940123,-0.941791,-0.943326
-0.913839,-0.917721,-0.921125,-0.924145,-0.926847,-0.929284,-0.931497,-0.933519,-0.935378,-0.937092
-0.925376,-0.928873,-0.931877,-0.934501,-0.936819,-0.938894,-0.940766,-0.942464,-0.94402,-0.945449
-0.927988,-0.931255,-0.934065,-0.936526,-0.938703,-0.940656,-0.942421,-0.944026,-0.945497,-0.946848
-0.918484,-0.922423,-0.92579,-0.928722,-0.93131,-0.933617,-0.935694,-0.937578,-0.9393,-0.940879
-0.933126,-0.936032,-0.938553,-0.940778,-0.942766,-0.944559,-0.94619,-0.947683,-0.949051,-0.950318
-0.93184,-0.935395,-0.938394,-0.940974,-0.94324,-0.94525,-0.947047,-0.948676,-0.950161,-0.951522
-0.911162,-0.915504,-0.919229,-0.922481,-0.925359,-0.927926,-0.930236,-0.932328,-0.934238,-0.935995
-0.933714,-0.936234,-0.938449,-0.940423,-0.942198,-0.943807,-0.945275,-0.946622,-0.947864,-0.949014
-0.92778,-0.931645,-0.934915,-0.937736,-0.9402,-0.942382,-0.94433,-0.946083,-0.947673,-0.949127
-0.940128,-0.942987,-0.945414,-0.947523,-0.949378,-0.951026,-0.952509,-0.953853,-0.95508,-0.956204
-0.92821,-0.932445,-0.935866,-0.938737,-0.941206,-0.943366,-0.945279,-0.946994,-0.948542,-0.949951
-0.930437,-0.934341,-0.937565,-0.940313,-0.942697,-0.944798,-0.946667,-0.948348,-0.94987,-0.951254
-0.929507,-0.933232,-0.936348,-0.939022,-0.941361,-0.943434,-0.945284,-0.94696,-0.948485,-0.949883
-0.930935,-0.933398,-0.935569,-0.937516,-0.939276,-0.940875,-0.942342,-0.943696,-0.944945,-0.946109
-0.930029,-0.933973,-0.937239,-0.940021,-0.942432,-0.94455,-0.946436,-0.948132,-0.949669,-0.951067
-0.897383,-0.899954,-0.90236,-0.904617,-0.906744,-0.908755,-0.910656,-0.912457,-0.914166,-0.915792
-0.93145,-0.933975,-0.936213,-0.938219,-0.940037,-0.941696,-0.94322,-0.944627,-0.945932,-0.947147
-0.922012,-0.92539,-0.928319,-0.930901,-0.933204,-0.935278,-0.937162,-0.938883,-0.940463,-0.941922
-0.918304,-0.922866,-0.926662,-0.929913,-0.932751,-0.935259,-0.937498,-0.939517,-0.941349,-0.943022
-0.917302,-0.921385,-0.924933,-0.928051,-0.930825,-0.933311,-0.935557,-0.937597,-0.939463,-0.941177
-0.93412,-0.937416,-0.940214,-0.942645,-0.944792,-0.946705,-0.948427,-0.949988,-0.951411,-0.952715
-0.9191,-0.922549,-0.925558,-0.928218,-0.930605,-0.932763,-0.934727,-0.936527,-0.938182,-0.939712
-0.932799,-0.936103,-0.938924,-0.941382,-0.943555,-0.945495,-0.947245,-0.948834,-0.950286,-0.951618
-0.934102,-0.937641,-0.940637,-0.943231,-0.94551,-0.947532,-0.949345,-0.950982,-0.95247,-0.953831
-0.935958,-0.939242,-0.94203,-0.944443,-0.946569,-0.948461,-0.950163,-0.951705,-0.953111,-0.954399
-0.925795,-0.929793,-0.933139,-0.936018,-0.938538,-0.94077,-0.94277,-0.944575,-0.946216,-0.947717
-0.924174,-0.928498,-0.932095,-0.935163,-0.937838,-0.940199,-0.942308,-0.944205,-0.945922,-0.94749
-0.933692,-0.937132,-0.940026,-0.942525,-0.944718,-0.94666,-0.948404,-0.94998,-0.951416,-0.952729
-0.929194,-0.932423,-0.935209,-0.937654,-0.939826,-0.941773,-0.943534,-0.94514,-0.94661,-0.947964
-0.93008,-0.93415,-0.937524,-0.940395,-0.942887,-0.945077,-0.947025,-0.948773,-0.950353,-0.951792
-0.883042,-0.886039,-0.888844,-0.891477,-0.89395,-0.896274,-0.898464,-0.900532,-0.902487,-0.904337
-0.922363,-0.926141,-0.929354,-0.932151,-0.934622,-0.93683,-0.938821,-0.940635,-0.942296,-0.943826
-0.928347,-0.932228,-0.935461,-0.938223,-0.940628,-0.942749,-0.944643,-0.946349,-0.947897,-0.949311
-0.9238,-0.927834,-0.931228,-0.934159,-0.936728,-0.939011,-0.941058,-0.942911,-0.944595,-0.946136
-0.926071,-0.929485,-0.932421,-0.934995,-0.937287,-0.939347,-0.941212,-0.942913,-0.944473,-0.945911
-0.925544,-0.929203,-0.932322,-0.935037,-0.937434,-0.939581,-0.941516,-0.943276,-0.944881,-0.946356
-0.913898,-0.918183,-0.921829,-0.925,-0.927803,-0.93031,-0.932571,-0.934623,-0.9365,-0.938223
-0.924003,-0.928148,-0.931611,-0.934583,-0.937184,-0.939488,-0.941553,-0.943418,-0.945111,-0.946659
-0.920088,-0.924343,-0.927941,-0.931043,-0.933759,-0.93617,-0.938323,-0.940267,-0.942036,-0.943654
-0.928575,-0.932257,-0.935363,-0.938044,-0.9404,-0.942495,-0.944377,-0.946079,-0.947635,-0.949062
-0.91859,-0.922571,-0.92595,-0.928888,-0.93148,-0.933797,-0.935885,-0.93778,-0.939513,-0.941107
-0.909347,-0.914272,-0.918429,-0.922014,-0.925149,-0.927933,-0.930428,-0.932685,-0.934734,-0.936608
-0.926204,-0.930268,-0.93365,-0.936547,-0.939076,-0.941312,-0.94331,-0.94511,-0.946743,-0.948236
-0.924734,-0.927902,-0.930651,-0.933075,-0.935238,-0.937187,-0.938956,-0.940566,-0.942051,-0.943422
-0.92597,-0.929764,-0.932958,-0.935721,-0.938147,-0.940305,-0.942243,-0.943997,-0.945595,-0.94706
-0.906882,-0.90821,-0.909484,-0.910711,-0.911899,-0.913047,-0.914158,-0.915236,-0.916278,-0.917291
-0.917066,-0.921231,-0.924809,-0.927931,-0.930686,-0.933147,-0.935362,-0.937364,-0.939188,-0.940862
-0.93342,-0.937063,-0.94009,-0.942669,-0.944908,-0.946889,-0.948656,-0.950239,-0.951681,-0.952993
-0.918062,-0.921989,-0.925439,-0.928498,-0.931231,-0.933686,-0.935909,-0.937929,-0.939773,-0.941467
-0.918488,-0.922649,-0.92617,-0.929216,-0.931897,-0.934283,-0.936425,-0.938363,-0.94013,-0.941748
-0.935166,-0.937977,-0.940437,-0.942615,-0.944565,-0.946325,-0.947928,-0.949395,-0.950741,-0.951987
-0.91403,-0.917592,-0.92071,-0.923487,-0.925987,-0.928253,-0.93032,-0.932214,-0.933957,-0.93557
-0.936679,-0.940326,-0.943341,-0.94591,-0.948135,-0.950092,-0.95183,-0.953391,-0.9548,-0.956079
-0.93993,-0.942895,-0.94541,-0.947588,-0.949504,-0.951207,-0.952736,-0.954121,-0.955381,-0.956538
-0.94002,-0.942751,-0.945085,-0.947124,-0.948935,-0.950558,-0.952026,-0.953361,-0.95458,-0.955706
-0.929106,-0.932615,-0.935552,-0.938085,-0.940309,-0.942289,-0.944072,-0.945684,-0.947158,-0.94851
-0.918964,-0.922388,-0.925379,-0.928038,-0.930427,-0.932592,-0.934563,-0.936379,-0.938047,-0.939592
-0.936918,-0.939669,-0.942032,-0.944107,-0.945952,-0.947618,-0.949134,-0.950517,-0.951785,-0.952959
-0.933526,-0.936914,-0.939749,-0.942181,-0.944304,-0.946184,-0.947861,-0.949374,-0.950749,-0.952006
-0.933905,-0.936556,-0.938855,-0.94088,-0.942693,-0.944334,-0.945829,-0.9472,-0.948465,-0.949635
-0.920411,-0.924073,-0.927294,-0.93016,-0.932728,-0.935046,-0.93715,-0.939073,-0.940837,-0.942463
-0.932377,-0.935498,-0.938182,-0.940535,-0.942622,-0.944495,-0.94619,-0.947735,-0.94915,-0.950452
-0.934775,-0.938081,-0.940867,-0.943273,-0.945389,-0.947272,-0.948966,-0.950497,-0.951895,-0.953177
-0.93517,-0.938213,-0.940814,-0.943083,-0.945087,-0.946881,-0.948499,-0.949971,-0.951318,-0.952556
-0.905854,-0.909955,-0.913568,-0.916781,-0.919664,-0.922267,-0.924635,-0.926803,-0.928797,-0.930638
-0.937101,-0.940812,-0.943915,-0.946569,-0.948887,-0.950934,-0.95276,-0.954402,-0.955888,-0.957243
-0.893823,-0.898912,-0.903371,-0.907318,-0.910845,-0.914016,-0.916894,-0.91952,-0.921932,-0.924155
-0.934327,-0.936599,-0.938629,-0.940464,-0.942137,-0.94367,-0.945083,-0.946392,-0.947608,-0.948742
-0.931266,-0.934386,-0.937094,-0.939485,-0.941623,-0.943547,-0.945292,-0.946888,-0.948353,-0.949704
-0.939032,-0.94263,-0.945598,-0.948119,-0.950302,-0.95222,-0.953924,-0.955455,-0.956843,-0.958103
-0.928981,-0.933094,-0.936475,-0.939347,-0.941838,-0.944032,-0.945982,-0.947729,-0.949313,-0.950758
-0.934412,-0.937823,-0.940688,-0.943156,-0.94532,-0.947243,-0.948967,-0.950529,-0.951949,-0.953253
-0.94103,-0.943736,-0.94606,-0.948097,-0.949908,-0.951532,-0.953002,-0.954343,-0.955573,-0.956708
-0.93056,-0.934266,-0.93739,-0.940082,-0.942431,-0.94451,-0.946369,-0.948046,-0.949565,-0.950951
-0.929806,-0.933109,-0.935949,-0.938437,-0.940641,-0.942621,-0.94441,-0.946038,-0.947529,-0.948902
-0.926149,-0.929072,-0.931634,-0.933918,-0.935977,-0.937847,-0.939554,-0.941124,-0.942573,-0.943916
-0.923674,-0.928356,-0.932206,-0.935463,-0.938274,-0.940729,-0.942906,-0.944849,-0.946605,-0.948198
-0.928063,-0.930446,-0.932567,-0.934481,-0.936223,-0.93782,-0.939291,-0.940656,-0.941923,-0.943108
-0.916907,-0.920424,-0.923524,-0.926284,-0.928766,-0.931014,-0.933061,-0.934938,-0.936668,-0.938266
-0.91794,-0.921728,-0.924984,-0.927835,-0.930371,-0.932649,-0.934708,-0.936586,-0.938308,-0.939891
-0.927371,-0.931376,-0.934746,-0.93765,-0.940189,-0.942435,-0.944442,-0.946252,-0.947893,-0.949389
-0.914803,-0.919167,-0.922932,-0.926234,-0.92916,-0.931771,-0.934121,-0.936249,-0.938188,-0.939966
-0.912638,-0.918002,-0.922515,-0.926377,-0.929731,-0.93268,-0.935293,-0.937632,-0.939738,-0.941652
-0.922127,-0.92621,-0.929677,-0.932681,-0.935322,-0.937672,-0.939775,-0.941677,-0.943406,-0.944987
-0.904241,-0.90898,-0.913108,-0.916745,-0.919981,-0.922885,-0.925512,-0.927903,-0.930088,-0.932097
-0.92331,-0.927528,-0.931041,-0.934042,-0.936648,-0.938954,-0.94101,-0.942861,-0.944538,-0.946072
-0.925387,-0.929445,-0.932832,-0.935741,-0.938276,-0.940528,-0.942537,-0.944348,-0.945994,-0.947497
-0.928275,-0.932534,-0.93605,-0.939043,-0.94163,-0.943904,-0.945926,-0.947737,-0.949375,-0.950858
-0.929078,-0.9333,-0.936748,-0.939657,-0.942164,-0.944357,-0.946301,-0.94804,-0.949607,-0.95103
-0.925481,-0.929294,-0.932539,-0.935352,-0.937822,-0.940017,-0.941988,-0.943766,-0.945384,-0.946861
-0.908255,-0.913201,-0.917494,-0.921257,-0.92458,-0.927547,-0.930211,-0.932624,-0.934815,-0.936813
-0.932146,-0.935964,-0.939144,-0.941858,-0.944222,-0.946308,-0.948165,-0.949835,-0.951346,-0.952722
-0.93202,-0.936041,-0.939384,-0.942228,-0.944697,-0.946866,-0.948795,-0.950526,-0.952087,-0.953512
-0.933832,-0.937489,-0.940548,-0.943174,-0.94547,-0.947499,-0.949312,-0.950944,-0.95242,-0.953769
-0.923645,-0.926609,-0.929195,-0.931496,-0.933569,-0.935451,-0.937172,-0.938751,-0.940215,-0.941574
-0.941474,-0.945258,-0.948311,-0.95087,-0.953067,-0.954984,-0.956675,-0.958183,-0.959538,-0.960763
-0.934622,-0.938236,-0.94127,-0.943879,-0.946157,-0.948176,-0.949983,-0.95161,-0.953087,-0.954433
-0.920001,-0.924273,-0.927886,-0.931013,-0.93376,-0.936205,-0.9384,-0.940382,-0.942182,-0.943829
-0.9324,-0.936094,-0.939256,-0.942,-0.944409,-0.946538,-0.948446,-0.950162,-0.951721,-0.953138
-0.938753,-0.942246,-0.945134,-0.947596,-0.949739,-0.951625,-0.953305,-0.954813,-0.956178,-0.957421
-0.913421,-0.918758,-0.923226,-0.92704,-0.930344,-0.933236,-0.935797,-0.938088,-0.940155,-0.942033
-0.933259,-0.936306,-0.938935,-0.941244,-0.943291,-0.945134,-0.946805,-0.948327,-0.949726,-0.951016
-0.942998,-0.946266,-0.94896,-0.951254,-0.953246,-0.955003,-0.956568,-0.957971,-0.959243,-0.960403
-0.893168,-0.898407,-0.903035,-0.907126,-0.910761,-0.914005,-0.916921,-0.919564,-0.921981,-0.924198
-0.934336,-0.937731,-0.940589,-0.943054,-0.945213,-0.947129,-0.948845,-0.950397,-0.951808,-0.953098
-0.913619,-0.91545,-0.917173,-0.918805,-0.920354,-0.921826,-0.923228,-0.924562,-0.925838,-0.927056
-0.930699,-0.934014,-0.936855,-0.939332,-0.941518,-0.943468,-0.945221,-0.946812,-0.948261,-0.949592
-0.93317,-0.936554,-0.939429,-0.941917,-0.944102,-0.946042,-0.947781,-0.949351,-0.950777,-0.952083
-0.935547,-0.939098,-0.942087,-0.944653,-0.946895,-0.948876,-0.950647,-0.952241,-0.953686,-0.955003
-0.920797,-0.924357,-0.927414,-0.930105,-0.932492,-0.934633,-0.936572,-0.938339,-0.939959,-0.941454
-0.937005,-0.940137,-0.94282,-0.945165,-0.94724,-0.949093,-0.950762,-0.952273,-0.953652,-0.954915
-0.928225,-0.932387,-0.935914,-0.938951,-0.941602,-0.943945,-0.946032,-0.94791,-0.949607,-0.951152
-0.888031,-0.894086,-0.899351,-0.903953,-0.908014,-0.911627,-0.914869,-0.917799,-0.920465,-0.922898
-0.924438,-0.929043,-0.932909,-0.936219,-0.939094,-0.941615,-0.943853,-0.945854,-0.947661,-0.949303
-0.941278,-0.943971,-0.946313,-0.94838,-0.950218,-0.951868,-0.953358,-0.954715,-0.955957,-0.957098
-0.93418,-0.937971,-0.941079,-0.943714,-0.945992,-0.947994,-0.94977,-0.951368,-0.952813,-0.954129
-0.868063,-0.873487,-0.878369,-0.882756,-0.886703,-0.890263,-0.893488,-0.896431,-0.899118,-0.901589
-0.940204,-0.942488,-0.944504,-0.946307,-0.947937,-0.94942,-0.950782,-0.952035,-0.953195,-0.954272
-0.938989,-0.943064,-0.946329,-0.949043,-0.951359,-0.953369,-0.955129,-0.956693,-0.958096,-0.959358
-0.933421,-0.936661,-0.939414,-0.941808,-0.943921,-0.945805,-0.947501,-0.949038,-0.95044,-0.951727
-0.912688,-0.91609,-0.919149,-0.921926,-0.924425,-0.92679,-0.928926,-0.930896,-0.932728,-0.934431
-0.912486,-0.916838,-0.92061,-0.923911,-0.92684,-0.929463,-0.931828,-0.933975,-0.935937,-0.937737
-0.938529,-0.941526,-0.94407,-0.946273,-0.948209,-0.949939,-0.951494,-0.952904,-0.954189,-0.955369
-0.921483,-0.925157,-0.92837,-0.931202,-0.933736,-0.936015,-0.938074,-0.939953,-0.941671,-0.943256
-0.920239,-0.923877,-0.927007,-0.929752,-0.932192,-0.93438,-0.93636,-0.938166,-0.939824,-0.941346
-0.928746,-0.932595,-0.935897,-0.938772,-0.9413,-0.943551,-0.945569,-0.947395,-0.949054,-0.95057
-0.930801,-0.934216,-0.937165,-0.939748,-0.942045,-0.944104,-0.945957,-0.947643,-0.949182,-0.950597
-0.904166,-0.908522,-0.912313,-0.915663,-0.918655,-0.921352,-0.923801,-0.926039,-0.928095,-0.92999
-0.929481,-0.932906,-0.935849,-0.938419,-0.940691,-0.942726,-0.944562,-0.946228,-0.947752,-0.949153
-0.939273,-0.942973,-0.946041,-0.948643,-0.950889,-0.952854,-0.954593,-0.956146,-0.957546,-0.958814
-0.932214,-0.935297,-0.93795,-0.940272,-0.942333,-0.944185,-0.945864,-0.947392,-0.948798,-0.950092
-0.931088,-0.934963,-0.938245,-0.941064,-0.943533,-0.945715,-0.947659,-0.949404,-0.950994,-0.95244
-0.939915,-0.943425,-0.946349,-0.948844,-0.951012,-0.952914,-0.954603,-0.956116,-0.957481,-0.958722
-0.933229,-0.9365,-0.939307,-0.941751,-0.943904,-0.945822,-0.947547,-0.949112,-0.950537,-0.951843
-0.919077,-0.923773,-0.927721,-0.931101,-0.934041,-0.936626,-0.938932,-0.941004,-0.942883,-0.944594
-0.925848,-0.930267,-0.933914,-0.937014,-0.939697,-0.942049,-0.944132,-0.945998,-0.947682,-0.94921
-0.926805,-0.930427,-0.933474,-0.936106,-0.938422,-0.940484,-0.942338,-0.944015,-0.945547,-0.946951
-0.927116,-0.930898,-0.934084,-0.936829,-0.939233,-0.941358,-0.943266,-0.944988,-0.946552,-0.947984
-0.928412,-0.931206,-0.933649,-0.93582,-0.937768,-0.939541,-0.94116,-0.94265,-0.944026,-0.945303
-0.91801,-0.922198,-0.925718,-0.92875,-0.931408,-0.933768,-0.935886,-0.9378,-0.939543,-0.94114
-0.920174,-0.924931,-0.928918,-0.93233,-0.935296,-0.937903,-0.94022,-0.942297,-0.944172,-0.945877
-0.926262,-0.92947,-0.932259,-0.934724,-0.936924,-0.938907,-0.940705,-0.942348,-0.943855,-0.945246
-0.910219,-0.914328,-0.9179,-0.92106,-0.923882,-0.926426,-0.928731,-0.930838,-0.932773,-0.934557
-0.934782,-0.938169,-0.941028,-0.943497,-0.945665,-0.947589,-0.949316,-0.950881,-0.952307,-0.953614
-0.933323,-0.937331,-0.94064,-0.943443,-0.945871,-0.947996,-0.949878,-0.951561,-0.953077,-0.954457
-0.932679,-0.935825,-0.938534,-0.940909,-0.94302,-0.944915,-0.946628,-0.948191,-0.949623,-0.950943
-0.931851,-0.936029,-0.939417,-0.942263,-0.944711,-0.94685,-0.948741,-0.95043,-0.951955,-0.953338
-0.934376,-0.937982,-0.940967,-0.943515,-0.945735,-0.947697,-0.949452,-0.951033,-0.952464,-0.953774
-0.930197,-0.933902,-0.937001,-0.93966,-0.94198,-0.944032,-0.945867,-0.947523,-0.949027,-0.950403
-0.92106,-0.924623,-0.927704,-0.930416,-0.932831,-0.934993,-0.936951,-0.938731,-0.940365,-0.941867
-0.915219,-0.918426,-0.921319,-0.923951,-0.926356,-0.928568,-0.930608,-0.932495,-0.934252,-0.935888
-0.932092,-0.935026,-0.937582,-0.939838,-0.941853,-0.943668,-0.945314,-0.946814,-0.948194,-0.949464
-0.928683,-0.932336,-0.935454,-0.938159,-0.94054,-0.942661,-0.944567,-0.946286,-0.947854,-0.949289
-0.930993,-0.934758,-0.937897,-0.940591,-0.942945,-0.945029,-0.946891,-0.948571,-0.950097,-0.951491
-0.921681,-0.925199,-0.928229,-0.930884,-0.933244,-0.935362,-0.937281,-0.939029,-0.940629,-0.942107
-0.935877,-0.93938,-0.942312,-0.944828,-0.947026,-0.948967,-0.950703,-0.952267,-0.953687,-0.954985
-0.93499,-0.938068,-0.940687,-0.942977,-0.945008,-0.946828,-0.948473,-0.949971,-0.951342,-0.952605
-0.913261,-0.916537,-0.919463,-0.922098,-0.924485,-0.926669,-0.928673,-0.930524,-0.932239,-0.933834
-0.935415,-0.938324,-0.940832,-0.943032,-0.944988,-0.946746,-0.948336,-0.949786,-0.951115,-0.952339
-0.937821,-0.940936,-0.943587,-0.945887,-0.947914,-0.949719,-0.95134,-0.95281,-0.954148,-0.955377
-0.928859,-0.932799,-0.936167,-0.939092,-0.941662,-0.943944,-0.945985,-0.947823,-0.94949,-0.951008
-0.932534,-0.935436,-0.937949,-0.940165,-0.942142,-0.943925,-0.945542,-0.947019,-0.948374,-0.949629
-0.936344,-0.940299,-0.94354,-0.946269,-0.948619,-0.950674,-0.952491,-0.954113,-0.955573,-0.956898
-0.934725,-0.938163,-0.941056,-0.943543,-0.94572,-0.947648,-0.949371,-0.950926,-0.952339,-0.953633
-0.927854,-0.931716,-0.934976,-0.937791,-0.94025,-0.942427,-0.944373,-0.946126,-0.947717,-0.949171
-0.889144,-0.892928,-0.896397,-0.899599,-0.902559,-0.905303,-0.907854,-0.910228,-0.912449,-0.914527
-0.929015,-0.93287,-0.93611,-0.938893,-0.941324,-0.943482,-0.945414,-0.947156,-0.948741,-0.950189
-0.935352,-0.938516,-0.941204,-0.943542,-0.945602,-0.947432,-0.949078,-0.95057,-0.951933,-0.953183
-0.911564,-0.916485,-0.920712,-0.924393,-0.927626,-0.930495,-0.933061,-0.93537,-0.937466,-0.939375
-0.922486,-0.925863,-0.928776,-0.931339,-0.933626,-0.935683,-0.937546,-0.939244,-0.940807,-0.942248
-0.936877,-0.940179,-0.942966,-0.945381,-0.947502,-0.949389,-0.951083,-0.952614,-0.954003,-0.955275
-0.937945,-0.940613,-0.942944,-0.945008,-0.946848,-0.948517,-0.950034,-0.951424,-0.952703,-0.953886
-0.920386,-0.924542,-0.928043,-0.931073,-0.933738,-0.936107,-0.938232,-0.940155,-0.941902,-0.943505
-0.940416,-0.944396,-0.947588,-0.95026,-0.952543,-0.95453,-0.956281,-0.957838,-0.959236,-0.960497
-0.940538,-0.943721,-0.946406,-0.948722,-0.950755,-0.952548,-0.954163,-0.955619,-0.956941,-0.958147
-0.941004,-0.94462,-0.947602,-0.950129,-0.952314,-0.954229,-0.955925,-0.957441,-0.958807,-0.960041
-0.935449,-0.938349,-0.940816,-0.942965,-0.944869,-0.946574,-0.948116,-0.949519,-0.950807,-0.951992
-0.941414,-0.944898,-0.947739,-0.950131,-0.952189,-0.953991,-0.955587,-0.957015,-0.958305,-0.959478
-0.936719,-0.940006,-0.942774,-0.945166,-0.947257,-0.949114,-0.950771,-0.952264,-0.953625,-0.954868
-0.928386,-0.931214,-0.933712,-0.935945,-0.937959,-0.939787,-0.941457,-0.942992,-0.94441,-0.945726
-0.936105,-0.939175,-0.941811,-0.944114,-0.94615,-0.947971,-0.949611,-0.951099,-0.952456,-0.953702
-0.934836,-0.938063,-0.940779,-0.943126,-0.945186,-0.947018,-0.948662,-0.950152,-0.95151,-0.952757
-0.928473,-0.931767,-0.934622,-0.937135,-0.939365,-0.941369,-0.943177,-0.944825,-0.946327,-0.947713
-0.932625,-0.934912,-0.936955,-0.938802,-0.940485,-0.942031,-0.943454,-0.944772,-0.945999,-0.947144
-0.928541,-0.932031,-0.934976,-0.937526,-0.939769,-0.941768,-0.943563,-0.945189,-0.946673,-0.948033
-0.932833,-0.936592,-0.939759,-0.942484,-0.944867,-0.946974,-0.948853,-0.950542,-0.952073,-0.953468
-0.933702,-0.937252,-0.940266,-0.942874,-0.945162,-0.94719,-0.949006,-0.950643,-0.95213,-0.95349
-0.923486,-0.92769,-0.931228,-0.93428,-0.936952,-0.939319,-0.941434,-0.943338,-0.945064,-0.946639
-0.940692,-0.943454,-0.945813,-0.947873,-0.949697,-0.951326,-0.952797,-0.954135,-0.95536,-0.956487
-0.884676,-0.885356,-0.886033,-0.8867,-0.887359,-0.888009,-0.888655,-0.889291,-0.889919,-0.89054
-0.939969,-0.942765,-0.945183,-0.947307,-0.949196,-0.95089,-0.952421,-0.953814,-0.95509,-0.956262
-0.926097,-0.929711,-0.932768,-0.935418,-0.937755,-0.93984,-0.941721,-0.943428,-0.944987,-0.946418
-0.92749,-0.930571,-0.933274,-0.935674,-0.937825,-0.93977,-0.94154,-0.943163,-0.944656,-0.946035
-0.942549,-0.945921,-0.948689,-0.95103,-0.953046,-0.954815,-0.956384,-0.957786,-0.959057,-0.960211
-0.928826,-0.93196,-0.934697,-0.937122,-0.939291,-0.941246,-0.943018,-0.944636,-0.946118,-0.947485
-0.915806,-0.920244,-0.924084,-0.92744,-0.930404,-0.933047,-0.935412,-0.937553,-0.939497,-0.941275
-0.921821,-0.926156,-0.929764,-0.932849,-0.935539,-0.937915,-0.940037,-0.941948,-0.943679,-0.94526
-0.928798,-0.931998,-0.93474,-0.937139,-0.939261,-0.941166,-0.942888,-0.944457,-0.945891,-0.947215
-0.919502,-0.923219,-0.926434,-0.929261,-0.931774,-0.93403,-0.936073,-0.937937,-0.939644,-0.941215
-0.915193,-0.919114,-0.922454,-0.925357,-0.927928,-0.930226,-0.932301,-0.934188,-0.935914,-0.937503
-0.928142,-0.931796,-0.934903,-0.937601,-0.939979,-0.9421,-0.944009,-0.945737,-0.947314,-0.948757
-0.931246,-0.934967,-0.938062,-0.940712,-0.94303,-0.945084,-0.946921,-0.948578,-0.950088,-0.951468
-0.920298,-0.924627,-0.92821,-0.931268,-0.933926,-0.936275,-0.938368,-0.940255,-0.941968,-0.943532
-0.928907,-0.931681,-0.934103,-0.936255,-0.938185,-0.939941,-0.941542,-0.943012,-0.944369,-0.945625
-0.924416,-0.928104,-0.931247,-0.933981,-0.936397,-0.938548,-0.940487,-0.942242,-0.943842,-0.945315
-0.926221,-0.929879,-0.933015,-0.935751,-0.938166,-0.940319,-0.942256,-0.944011,-0.945611,-0.94708
-0.926532,-0.929932,-0.932782,-0.935245,-0.937411,-0.939344,-0.941083,-0.942661,-0.944105,-0.945433
-0.928108,-0.931847,-0.934976,-0.937661,-0.940013,-0.942096,-0.943961,-0.945644,-0.947176,-0.948578
-0.931946,-0.935873,-0.939094,-0.941821,-0.94418,-0.946248,-0.948087,-0.949737,-0.951228,-0.952584
-0.916421,-0.92073,-0.924371,-0.927515,-0.930272,-0.93272,-0.934915,-0.936896,-0.938697,-0.940346
